mp_id,export_kwh_total,export_days_frac,export_to_import_ratio_summer,export_to_import_ratio_winter,export_winter_share,export_midday_share_summer,export_night_share,export_mean_hour_summer,export_hour_std_summer,export_max_kw,import_midday_night_ratio_summer,import_midday_night_ratio_winter,import_zero_hours_midday_summer,import_zero_hours_night,import_midday_share_winter_minus_summer,import_min_hour_offset_noon_summer,import_summer_to_winter_ratio,import_daylight_share_summer,import_midday_spread_over_night_summer,import_midday_p05_over_night_summer,n_days,n_summer_days,n_winter_days,has_export_register,has_real_export,export_max_raw_kw,mean_import_kw,n_negative_raw,weather_export_irradiance_corr_summer,weather_sunny_cloudy_export_contrast_summer,weather_export_per_irradiation_summer,weather_midday_import_irradiance_corr_summer,weather_winter_import_temperature_corr,plz,ort,weather_station,weather_station_distance_km,weather_temperature_station,weather_temperature_station_distance_km,weather_common_summer_days,weather_common_winter_days,weather_error,n_filled_features
159232,1958.35999,0.13187,1.80262,0.00000,0.00000,0.94715,0.00002,13.31329,2.10479,11.10040,1.41898,1.44847,3.05707,1.22451,0.06815,4.89907,1.54248,0.23132,3.40663,0.00000,273,92,120,1,1,11.81200,0.61485,0,0.29821,0.63677,3.16629,-0.24581,-0.03728,5313,Klingnau,BEZ Beznau,3.67126,BEZ Beznau,3.67126,91,53,,0
174336,0.00000,0.00000,0.00000,0.00000,0.50000,0.33333,0.41667,12.00000,6.92820,0.00000,0.54818,1.00000,0.00000,0.00000,0.00000,12.00000,1.00000,0.33333,0.00000,0.54818,31,31,0,1,0,0.00000,0.19743,0,0.00000,0.00000,0.00000,0.00000,0.00000,5506,Mägenwil,BUS Buchs / Aarau,11.91100,BUS Buchs / Aarau,11.91100,0,0,,18
28930,504.99600,0.00709,0.04409,0.00000,0.50000,0.33333,0.41667,12.00000,6.92820,0.00000,1.44554,0.47116,0.11793,0.00751,0.00624,5.58268,0.77937,0.19700,3.42677,0.40282,1270,461,420,1,0,11.05200,1.18823,0,0.07822,0.83043,0.18994,-0.06801,-0.08657,5726,Unterkulm,BUS Buchs / Aarau,7.61319,BUS Buchs / Aarau,7.61319,458,419,,5
97794,17870.96680,0.60726,16.92557,0.22389,0.02502,0.86702,0.00004,12.75005,2.59890,8.56640,2.60289,0.76791,6.27959,5.55795,0.03167,4.84651,0.51539,0.13934,9.55434,0.00000,881,338,269,1,1,9.26400,0.13027,0,0.67752,0.57073,6.25396,-0.10171,-0.04280,5313,Klingnau,BEZ Beznau,3.67126,BEZ Beznau,3.67126,337,240,,0
126213,16917.46484,0.74697,52.19585,0.03435,0.01691,0.87633,0.00639,13.06892,2.68431,10.84700,0.00522,0.37721,7.87209,3.37810,0.05090,7.19103,0.03827,0.04558,0.02594,0.00000,577,215,179,1,1,12.38000,0.62040,0,0.95975,0.49617,9.10661,-0.32618,-0.77094,5027,Herznach,BUS Buchs / Aarau,9.99514,BUS Buchs / Aarau,9.99514,215,126,,0
139013,14244.91895,0.85558,30.07686,0.02292,0.01854,0.82537,0.00425,12.68883,2.86263,12.75800,0.28254,0.46867,6.58247,2.80588,-0.00653,3.14035,0.04035,0.19181,1.19002,0.00000,457,215,120,1,1,14.34400,0.69724,0,0.90110,0.54788,9.66370,-0.53839,-0.75947,4313,Möhlin,MOE Möhlin,2.26388,MOE Möhlin,2.26388,193,120,,0
154629,1906.74402,0.47697,11.07785,0.00194,0.00256,0.91864,0.00048,13.69634,2.14165,3.96720,0.04081,0.48104,7.43207,2.75440,0.04131,2.08224,0.06807,0.11355,0.14589,0.00000,304,92,120,1,1,4.57200,0.49350,0,0.87136,0.41545,2.42332,-0.25182,-0.53182,4313,Möhlin,MOE Möhlin,2.26388,MOE Möhlin,2.26388,92,120,,0
162821,4235.82910,0.28105,1.57003,0.00000,0.50000,0.92163,0.00002,12.45011,2.29193,18.70640,0.91456,1.00000,3.70055,2.08156,0.00000,4.48261,1.00000,0.18979,2.61789,0.00000,153,92,0,1,1,18.88000,2.13164,0,0.42078,0.76304,6.90833,-0.35426,0.00000,8962,Bergdietikon,UEB Uetliberg,9.28304,LAE Lägern,10.61436,91,0,,6
48901,320.06699,0.03228,0.03700,0.00000,0.50000,0.33333,0.41667,12.00000,6.92820,0.00000,1.90321,0.91062,0.68246,0.03308,-0.02072,8.21308,0.88272,0.25829,5.20803,0.01503,1301,461,420,1,0,4.07600,0.83044,0,0.27027,0.99954,0.11984,-0.07991,-0.03833,5745,Safenwil,GOE Gösgen,4.74786,GOE Gösgen,4.74786,455,418,,5
60933,19560.37695,0.79764,6.58838,0.03047,0.05459,0.88899,0.00048,12.10756,2.31323,7.80220,0.50046,0.56346,6.35846,0.09200,0.04975,1.34703,0.08010,0.15080,2.32072,0.00000,1270,461,420,1,1,8.96400,1.08426,0,0.81459,0.60393,5.00761,-0.32602,-0.78822,8962,Bergdietikon,UEB Uetliberg,9.28304,LAE Lägern,10.61436,460,418,,0
139014,9802.74707,0.82495,4.01418,0.05026,0.03347,0.94727,0.00037,13.07655,2.17248,11.60600,0.19475,0.39308,6.38212,2.28917,0.03258,2.86069,0.36159,0.08352,1.14120,0.00000,457,215,120,1,1,12.90800,0.83971,0,0.85620,0.63459,6.59361,-0.30815,-0.35699,4313,Möhlin,MOE Möhlin,2.26388,MOE Möhlin,2.26388,193,120,,0
149254,18192.29492,0.75616,16.44518,0.09025,0.05732,0.84479,0.00000,12.69325,2.69528,20.86300,0.08141,0.35365,7.13350,0.05435,0.06114,0.61693,0.09024,0.05209,0.48176,0.00000,365,123,120,1,1,21.87200,1.32465,0,0.87197,0.43999,17.60470,-0.56646,-0.41920,5607,Hägglingen,BUS Buchs / Aarau,13.26309,BUS Buchs / Aarau,13.26309,103,120,,0
97798,17138.98242,0.70395,59.87145,0.03397,0.01337,0.86140,0.00002,13.03315,2.61714,8.47920,0.04212,0.27603,7.51035,0.14927,0.04352,0.86483,0.04187,0.05118,0.18671,0.00000,912,338,300,1,1,9.78400,0.29746,0,0.95610,0.49406,6.74156,-0.43355,-0.67528,5425,Schneisingen,LAE Lägern,5.61583,LAE Lägern,5.61583,337,239,,0
154632,4021.41797,0.63158,37.99572,0.02417,0.01686,0.86330,0.00027,13.22886,2.55964,7.85680,0.16737,0.15299,7.05707,3.77113,-0.04964,3.88747,0.03709,0.20882,0.72561,0.00000,304,92,120,1,1,8.58800,0.51968,0,0.78160,0.50778,5.09030,-0.30805,-0.57310,4313,Möhlin,MOE Möhlin,2.26388,MOE Möhlin,2.26388,92,120,,0
154633,4029.68115,0.91447,7.59041,0.02864,0.03176,0.90296,0.00465,13.39441,2.42011,8.40480,0.11548,0.34122,6.20652,2.48239,-0.03346,3.87463,0.11502,0.23241,0.53835,0.00000,304,92,120,1,1,9.38800,0.89648,0,0.74199,0.54928,5.08722,-0.17286,-0.45129,4313,Möhlin,MOE Möhlin,2.26388,MOE Möhlin,2.26388,92,120,,0
48393,28256.60547,0.72362,14.63531,0.03896,0.04013,0.89043,0.00000,12.10762,2.31944,11.63060,0.18882,0.60510,6.75326,0.43558,0.05541,1.13248,0.06368,0.09262,0.73044,0.00000,1270,461,420,1,1,12.99200,0.92258,0,0.85717,0.60070,7.57538,-0.11172,-0.60880,5330,Bad Zurzach,BEZ Beznau,5.35915,BEZ Beznau,5.35915,459,418,,0
65289,16221.34082,0.56614,14.82720,0.00152,0.00321,0.92703,0.00003,13.32464,2.24151,7.77460,0.03355,0.47407,7.54013,3.31850,0.03243,3.07351,0.03176,0.16398,0.09322,0.00000,1270,461,420,1,1,9.20000,1.05292,0,0.90164,0.68139,4.82998,-0.31141,-0.63508,8962,Bergdietikon,UEB Uetliberg,9.28304,LAE Lägern,10.61436,461,420,,0
65290,10297.82324,0.63071,11.78954,0.08365,0.05869,0.97849,0.00014,12.66438,1.93979,5.46000,0.12519,0.26297,6.76193,2.12234,0.01057,1.33364,0.11379,0.14679,0.38147,0.00898,1270,461,420,1,1,6.33600,0.22761,0,0.86869,0.81570,2.56802,-0.38126,-0.27381,8962,Bergdietikon,UEB Uetliberg,9.28304,LAE Lägern,10.61436,456,417,,0
126475,11807.61035,0.83333,4.01663,0.05657,0.03152,0.92286,0.00073,13.09485,2.33752,9.06780,0.01096,0.20301,6.52674,0.22885,0.02602,0.96280,0.43269,0.03105,0.05961,0.00000,546,215,148,1,1,10.06000,0.62851,0,0.90042,0.57891,6.08545,-0.51086,0.02009,4313,Möhlin,MOE Möhlin,2.26388,MOE Möhlin,2.26388,215,123,,0
154635,5898.75293,0.69408,202.08601,0.05079,0.02091,0.87798,0.00026,13.02334,2.57786,8.84400,0.44078,0.28288,7.50272,4.49560,-0.01334,4.06029,0.01177,0.13501,2.02069,0.00000,304,92,120,1,1,9.48000,0.39618,0,0.94542,0.44793,7.10645,-0.57842,-0.50195,4313,Möhlin,MOE Möhlin,2.26388,MOE Möhlin,2.26388,92,120,,0
168971,2862.19702,0.78261,80.75721,0.00000,0.50000,0.89431,0.00008,14.00406,2.15514,9.35120,8.82794,1.00000,7.52740,7.14583,0.00000,5.51944,1.00000,0.28405,16.55377,0.00000,92,92,0,1,1,9.49600,0.02032,0,0.63196,0.27814,5.59895,0.12134,0.00000,5322,Koblenz,LEI Leibstadt,4.37189,LEI Leibstadt,4.37189,72,0,,6
61197,0.00000,0.00000,0.00000,0.00000,0.50000,0.33333,0.41667,12.00000,6.92820,0.00000,2.68724,1.41090,0.00000,0.00000,-0.02721,5.02760,0.47118,0.37629,7.50922,0.30640,1301,461,420,1,0,0.00000,1.61740,0,0.00000,0.00000,0.00000,-0.03455,-0.21611,5106,Veltheim AG,BUS Buchs / Aarau,7.15332,BUS Buchs / Aarau,7.15332,456,417,,7
94991,0.00000,0.00000,0.00000,0.00000,0.50000,0.33333,0.41667,12.00000,6.92820,0.00000,2.87823,1.17655,5.07442,4.23767,0.02250,9.94606,0.03597,0.41142,16.81264,0.00000,974,338,331,1,0,0.00000,0.44220,0,0.00000,0.00000,0.00000,0.13713,-0.24022,5304,Endingen,PSI Würenlingen / PSI,4.61373,PSI Würenlingen / PSI,4.61373,215,296,,7
110865,0.00000,0.00000,0.00000,0.00000,0.50000,0.33333,0.41667,12.00000,6.92820,0.00000,1.03237,0.41673,0.15769,0.06250,0.00230,4.80380,0.63489,0.23492,3.93128,0.12373,761,277,240,1,0,0.00000,0.81947,0,0.00000,0.00000,0.00000,0.03977,-0.08516,4322,Mumpf,MOE Möhlin,4.27396,MOE Möhlin,4.27396,260,238,,7
120594,21789.35938,0.87931,22.79308,0.19735,0.05598,0.78960,0.00210,12.56601,3.00418,11.04060,0.04438,0.84839,7.65814,0.15561,0.10676,1.16159,0.14602,0.02763,0.20795,0.00000,638,215,240,1,1,12.58800,0.41489,0,0.97638,0.41333,10.48520,-0.58338,-0.67806,5235,Rüfenach AG,PSI Würenlingen / PSI,3.91803,PSI Würenlingen / PSI,3.91803,215,233,,0
147474,1952.18103,0.54545,2.53105,0.00233,0.00695,0.94787,0.00050,13.49887,2.09028,5.44720,0.32352,0.37547,3.63911,0.20833,-0.05933,2.27578,0.13178,0.25034,1.10738,0.00421,396,154,120,1,1,6.60000,0.61167,0,0.57135,0.70142,1.86954,-0.21813,-0.15383,5107,Schinznach Dorf,BUS Buchs / Aarau,8.79924,BUS Buchs / Aarau,8.79924,124,120,,0
165138,0.00000,0.00000,0.00000,0.00000,0.50000,0.33333,0.41667,12.00000,6.92820,0.00000,2.06301,1.00000,0.00000,0.00000,0.00000,6.86325,1.00000,0.41393,3.00675,0.99446,122,92,0,1,0,0.00000,0.18012,0,0.00000,0.00000,0.00000,-0.01806,0.00000,5322,Koblenz,LEI Leibstadt,4.37189,LEI Leibstadt,4.37189,92,0,,12
93459,30304.14062,0.80884,44.17572,0.12245,0.05794,0.88574,0.00190,12.77111,2.51806,13.20000,0.15475,0.38893,6.78994,0.55649,0.02103,1.40556,0.04507,0.13121,0.58127,0.00000,973,338,361,1,1,13.60400,0.60352,0,0.86070,0.48491,10.20838,-0.15560,-0.56603,5105,Auenstein,BUS Buchs / Aarau,5.31670,BUS Buchs / Aarau,5.31670,337,313,,0
170516,1873.55896,0.86885,7.12426,0.00000,0.50000,0.89895,0.00011,13.29695,2.45721,7.06320,2.37395,1.00000,7.02358,0.42308,0.00000,1.05304,1.00000,0.19127,16.73716,0.00000,61,61,0,1,1,7.27200,0.20814,0,0.61494,0.21732,4.92947,0.00138,0.00000,4312,Magden,MOE Möhlin,7.80199,MOE Möhlin,7.80199,52,0,,6
105237,0.00000,0.00000,0.00000,0.00000,0.50000,0.33333,0.41667,12.00000,6.92820,0.00000,1.16913,0.64532,0.00000,0.00000,-0.03213,5.03195,0.80494,0.34873,1.04670,0.72844,822,338,240,1,0,0.00000,1.07210,0,0.00000,0.00000,0.00000,-0.17780,-0.25933,5504,Othmarsingen,BUS Buchs / Aarau,10.46537,BUS Buchs / Aarau,10.46537,329,240,,7
166421,8504.13477,0.88525,22.28983,0.00000,0.50000,0.75110,0.00202,12.50011,3.11843,13.36660,0.28191,1.00000,6.93207,1.94159,0.00000,2.20325,1.00000,0.14262,1.46640,0.00000,122,92,0,1,1,14.11200,0.20733,0,0.96107,0.35634,12.18097,-0.80538,0.00000,5425,Schneisingen,LAE Lägern,5.61583,LAE Lägern,5.61583,92,0,,6
117270,22546.06445,0.77545,3.04037,0.01152,0.02769,0.85222,0.00108,12.41615,2.64263,19.20960,0.31599,1.56674,5.96891,0.02653,0.12233,1.29257,0.13302,0.09498,1.85099,0.00000,668,215,240,1,1,24.42000,3.99650,0,0.71984,0.48233,12.43368,-0.62664,-0.51995,5504,Othmarsingen,BUS Buchs / Aarau,10.46537,BUS Buchs / Aarau,10.46537,197,238,,0
122134,22419.39062,0.73981,338.66736,0.07453,0.01929,0.88358,0.00017,12.91436,2.54648,14.16000,0.31737,0.16707,7.74651,5.43546,-0.00764,3.80930,0.01119,0.08791,0.80148,0.00000,638,215,240,1,1,14.93200,0.34866,0,0.96163,0.46923,11.96422,-0.30978,-0.45898,5076,Bözen,PSI Würenlingen / PSI,11.41022,PSI Würenlingen / PSI,11.41022,215,214,,0
95510,11516.45996,0.67032,5.05664,0.00197,0.00454,0.83474,0.00323,11.83604,2.54965,7.62800,0.16489,1.05516,6.68787,0.09297,0.11971,1.40221,0.08531,0.05744,0.79769,0.00000,1004,338,361,1,1,9.50000,1.48493,0,0.83492,0.54444,4.81426,-0.45277,-0.74689,8962,Bergdietikon,UEB Uetliberg,9.28304,LAE Lägern,10.61436,335,311,,0
169752,0.00000,0.00000,0.00000,0.00000,0.50000,0.33333,0.41667,12.00000,6.92820,0.00000,1.85457,1.00000,0.00000,0.00000,0.00000,7.26231,1.00000,0.37184,2.01597,1.00412,92,92,0,1,0,0.00000,1.02921,0,0.00000,0.00000,0.00000,0.06530,0.00000,5614,Sarmenstorf,MOA Mosen,7.60866,MOA Mosen,7.60866,64,0,,12
168217,2984.30200,0.92391,52.00039,0.00000,0.50000,0.86964,0.00002,12.86777,2.59205,8.11640,1.42623,1.00000,7.44767,7.62500,0.00000,3.67442,1.00000,0.16697,1.69775,0.00000,92,92,0,1,1,8.36800,0.02768,0,0.73085,0.43123,5.16415,-0.02213,0.00000,5724,Dürrenäsch,BUS Buchs / Aarau,9.24546,BUS Buchs / Aarau,9.24546,86,0,,6
137754,5289.46191,0.67834,22.42473,0.00494,0.01003,0.96780,0.00001,13.12851,2.02387,6.33280,0.21673,0.59322,6.95522,4.29910,-0.00708,4.00600,0.02177,0.24940,0.66742,0.00000,457,215,120,1,1,6.84000,0.62760,0,0.91253,0.56409,3.44415,-0.06377,-0.66580,5316,Leuggern,LEI Leibstadt,2.65713,LEI Leibstadt,2.65713,201,120,,0
97562,6545.02197,0.67083,4.49543,0.02792,0.02073,0.91240,0.00009,13.46465,2.32263,5.39560,0.58354,0.74920,6.93861,4.62197,0.01633,3.40526,0.29335,0.15751,2.28592,0.00000,881,338,269,1,1,6.20000,0.24143,0,0.72619,0.77579,2.48144,-0.06389,-0.10189,5622,Waltenschwil,MOA Mosen,11.13299,MOA Mosen,11.13299,324,247,,0
135709,10593.36914,0.74398,3.25593,0.01119,0.02312,0.91376,0.00003,13.16677,2.37624,9.12300,0.01193,0.68763,7.04577,0.95714,0.09132,1.62716,0.14517,0.01239,0.02974,0.00000,457,215,120,1,1,9.92800,1.29332,0,0.89456,0.56223,6.18092,-0.35948,-0.62017,5027,Herznach,BUS Buchs / Aarau,9.99514,BUS Buchs / Aarau,9.99514,213,118,,0
165917,0.00000,0.00000,0.00000,0.00000,0.50000,0.33333,0.41667,12.00000,6.92820,0.00000,4.04008,1.00000,3.80707,5.36682,0.00000,9.68087,1.00000,0.48552,10.13526,0.73104,122,92,0,1,0,0.00000,0.03804,0,0.00000,0.00000,0.00000,-0.08768,0.00000,5322,Koblenz,LEI Leibstadt,4.37189,LEI Leibstadt,4.37189,92,0,,12
109854,6058.47119,0.63289,4.17994,0.01037,0.01773,0.93617,0.00325,13.63818,2.15798,5.70680,0.40289,0.52357,5.56317,2.06933,0.02103,3.19659,0.13740,0.16575,2.61166,0.00000,760,307,240,1,1,6.58800,0.58927,0,0.73838,0.67586,2.85515,-0.16859,-0.63669,4322,Mumpf,MOE Möhlin,4.27396,MOE Möhlin,4.27396,279,239,,0
173599,1635.52502,0.58065,49.10455,0.00000,0.50000,0.85171,0.00155,12.47167,2.64594,15.07260,0.00137,1.00000,0.00000,0.00000,0.00000,12.00000,1.00000,0.33333,0.00369,0.00000,31,31,0,1,1,15.21200,0.07916,0,0.00000,0.00000,0.00000,0.00000,0.00000,5236,Remigen,PSI Würenlingen / PSI,4.17446,PSI Würenlingen / PSI,4.17446,17,0,,14
59424,0.00000,0.00000,0.00000,0.00000,0.50000,0.33333,0.41667,12.00000,6.92820,0.00000,2.49531,4.72925,0.30870,0.59531,0.08875,8.31745,0.88432,0.47901,6.96886,0.80173,1301,461,420,1,0,0.00000,0.09758,0,0.00000,0.00000,0.00000,0.04700,-0.13887,5106,Veltheim AG,BUS Buchs / Aarau,7.15332,BUS Buchs / Aarau,7.15332,448,342,,7
95009,14747.21875,0.67550,19.55589,0.00409,0.00514,0.93539,0.00001,13.32121,2.22052,9.25600,0.10384,0.63635,6.56657,3.00641,0.02050,2.69028,0.04050,0.19347,0.27730,0.00000,943,338,331,1,1,10.39200,0.82671,0,0.89131,0.68050,5.77363,-0.28623,-0.69176,5304,Endingen,PSI Würenlingen / PSI,4.61373,PSI Würenlingen / PSI,4.61373,337,323,,0
151842,9540.62891,0.83234,98.81907,0.02859,0.01856,0.85520,0.00074,13.07718,2.66890,13.48120,0.29954,0.62388,6.99185,0.34326,0.02642,0.82136,0.01530,0.13504,1.59170,0.00000,334,92,120,1,1,14.63600,0.88098,0,0.81232,0.46298,10.33369,-0.24209,-0.65642,4324,Obermumpf,MOE Möhlin,6.71235,MOE Möhlin,6.71235,92,120,,0
121379,13862.62305,0.79154,5.60710,0.02203,0.02433,0.86158,0.01854,14.00122,2.73856,12.00820,0.03184,0.72067,7.29186,1.61052,0.09411,5.24934,0.15753,0.11230,0.18240,0.00000,638,215,240,1,1,13.29200,1.24946,0,0.85367,0.56082,7.15062,-0.57518,-0.63642,8962,Bergdietikon,UEB Uetliberg,9.28304,LAE Lägern,10.61436,214,214,,0
101669,17589.68555,0.88496,17.19585,0.05491,0.04450,0.87379,0.00141,12.55719,2.54648,7.77120,0.04661,1.98782,7.46894,0.05236,0.13372,0.69392,0.06856,0.03220,0.19680,0.00000,791,338,240,1,1,8.97200,0.48019,0,0.97261,0.49857,6.41213,-0.45392,-0.26985,5504,Othmarsingen,BUS Buchs / Aarau,10.46537,BUS Buchs / Aarau,10.46537,328,240,,0
64806,20812.71875,0.97480,17.71934,0.61936,0.09232,0.80161,0.00176,11.90793,2.77884,5.54000,0.06341,0.64625,7.69728,0.16437,0.06741,1.19320,0.34368,0.02982,0.32252,0.00000,1270,461,420,1,1,6.46000,0.13391,0,0.95316,0.38869,4.98163,-0.39286,-0.06850,5313,Klingnau,BEZ Beznau,3.67126,BEZ Beznau,3.67126,460,419,,0
124456,21148.45898,0.73310,228.19679,0.02959,0.01194,0.87846,0.00034,12.75460,2.54668,14.30040,0.34628,0.28431,7.62093,5.05818,0.02458,4.06452,0.01073,0.08306,1.21652,0.00000,577,215,179,1,1,16.16400,0.45438,0,0.92657,0.46857,11.72410,-0.25964,-0.76192,5707,Seengen,MOA Mosen,9.41162,MOA Mosen,9.41162,211,151,,0
59944,25414.66211,0.95433,3.07656,0.09931,0.14147,0.83589,0.00059,12.18493,2.68448,6.82260,0.15027,0.11992,6.96150,0.05753,0.00892,1.70659,0.19589,0.06953,0.80653,0.00000,1270,461,420,1,1,7.61200,1.22062,0,0.91581,0.44167,5.60985,-0.39440,-0.30571,5106,Veltheim AG,BUS Buchs / Aarau,7.15332,BUS Buchs / Aarau,7.15332,461,415,,0
131369,6350.76709,0.64645,6.11067,0.00190,0.00375,0.98829,0.00114,12.75976,1.83238,7.98800,0.12646,0.69973,5.36628,2.75810,0.05176,2.83281,0.08278,0.20124,0.49866,0.00000,577,215,179,1,1,9.07600,1.05690,0,0.89593,0.82810,3.80685,-0.59385,-0.74167,4317,Wegenstetten,RUE Rünenberg,8.00254,RUE Rünenberg,8.00254,214,119,,0
153129,5058.63916,0.69444,2.08150,0.06125,0.13742,0.84176,0.00025,11.88656,2.50598,7.47020,0.70508,1.18555,6.10598,0.03795,0.08690,1.62059,0.18472,0.19135,4.27392,0.00000,396,154,120,1,1,7.93600,1.36868,0,0.83988,0.42524,5.08421,-0.56783,-0.70932,4313,Möhlin,MOE Möhlin,2.26388,MOE Möhlin,2.26388,92,119,,0
116778,20038.25977,0.94311,13.29090,0.21658,0.09400,0.82474,0.00137,12.47205,2.80868,10.05980,0.03268,0.48790,7.68140,0.15367,0.06874,1.20482,0.15706,0.02704,0.16237,0.00000,668,215,240,1,1,11.12800,0.63441,0,0.90902,0.37194,9.21650,-0.40629,-0.58277,4322,Mumpf,MOE Möhlin,4.27396,MOE Möhlin,4.27396,215,240,,0
139818,22164.73047,0.74836,217.94778,0.06305,0.04010,0.83663,0.00000,12.72719,2.75372,16.91280,0.10252,0.46755,7.86569,4.45163,0.03613,3.94062,0.00692,0.08063,0.18571,0.00000,457,215,120,1,1,18.89200,0.69191,0,0.91315,0.43782,14.25808,-0.08384,-0.42181,5607,Hägglingen,BUS Buchs / Aarau,13.26309,BUS Buchs / Aarau,13.26309,187,120,,0
171818,3640.45093,0.63934,278.17307,0.00000,0.50000,0.82484,0.00329,13.31014,2.86136,12.42880,0.15922,1.00000,7.89103,7.66026,0.00000,5.76252,1.00000,0.05108,1.02233,0.00000,61,61,0,1,1,12.87600,0.01399,0,0.86458,0.17255,12.82664,-0.19752,0.00000,4315,Zuzgen,MOE Möhlin,5.77083,MOE Möhlin,5.77083,38,0,,6
62250,55218.28906,0.97717,19.42852,0.11211,0.09527,0.86664,0.00121,12.22962,2.53937,16.89280,0.03630,0.07673,7.53145,0.11080,0.02350,1.23666,0.05480,0.02172,0.12938,0.00000,1270,461,420,1,1,19.11200,1.26933,0,0.94449,0.46874,13.50847,-0.10414,-0.63965,5106,Veltheim AG,BUS Buchs / Aarau,7.15332,BUS Buchs / Aarau,7.15332,459,418,,0
116779,22575.84180,0.74102,122.46568,0.19973,0.04874,0.93277,0.00001,13.34475,2.23207,16.74400,0.20252,0.57152,7.15764,4.40312,0.03871,2.80449,0.03183,0.12664,0.76037,0.00000,668,215,240,1,1,19.63200,0.33202,0,0.91994,0.49585,11.68241,-0.29419,-0.14619,5504,Othmarsingen,BUS Buchs / Aarau,10.46537,BUS Buchs / Aarau,10.46537,202,240,,0
121131,12208.54492,0.80564,68.12247,0.47955,0.10105,0.95425,0.01126,12.91960,2.25803,10.52180,0.53506,1.82141,7.19070,5.73622,0.04730,9.61600,0.06263,0.26197,0.98029,0.00000,638,215,240,1,1,14.22000,0.15285,0,0.90384,0.71975,5.61357,-0.29875,-0.19400,4303,Kaiseraugst,STC St. Chrischona,5.73753,MOE Möhlin,10.99251,209,214,,0
159275,0.00000,0.00000,0.00000,0.00000,0.50000,0.33333,0.41667,12.00000,6.92820,0.00000,0.00078,0.00000,7.99728,0.65097,-0.00016,1.02353,0.62269,0.00016,0.00000,0.00000,243,92,90,1,0,0.00000,0.36731,0,0.00000,0.00000,0.00000,-0.04703,-0.74438,5236,Remigen,PSI Würenlingen / PSI,4.17446,PSI Würenlingen / PSI,4.17446,92,54,,7
173867,259.90298,0.32258,20.64360,0.00000,0.50000,0.97189,0.00089,12.52257,2.00540,7.90640,0.42675,1.00000,0.00000,0.00000,0.00000,12.00000,1.00000,0.33333,2.04825,0.00000,31,31,0,1,1,8.00000,0.05577,0,0.00000,0.00000,0.00000,0.00000,0.00000,5605,Dottikon,BUS Buchs / Aarau,12.20637,BUS Buchs / Aarau,12.20637,9,0,,14
47403,15721.92480,0.75433,13.63876,0.05335,0.07015,0.92843,0.00000,13.84566,1.95971,7.21820,0.10210,0.32489,7.38207,2.83393,-0.03593,6.98814,0.05185,0.24479,0.34591,0.00000,1270,461,420,1,1,8.63200,0.59766,0,0.79863,0.54007,3.79824,-0.09537,-0.62637,4310,Rheinfelden,MOE Möhlin,6.44527,MOE Möhlin,6.44527,458,418,,0
64811,8788.75293,0.70630,2.24020,0.02654,0.06132,0.98268,0.00017,12.94959,1.88603,4.50220,0.16215,0.65232,5.68980,0.04502,0.06002,1.30225,0.18139,0.07005,0.44949,0.00000,1270,461,420,1,1,5.08000,0.65336,0,0.83726,0.75742,2.08082,-0.38655,-0.41224,4310,Rheinfelden,MOE Möhlin,6.44527,MOE Möhlin,6.44527,456,412,,0
62764,34759.73047,0.90630,17.80667,0.22437,0.10883,0.85457,0.00119,12.24130,2.61823,9.64200,0.06335,0.38521,7.14588,0.98829,0.03315,2.35919,0.10318,0.07552,0.34677,0.00000,1270,461,420,1,1,9.79200,0.48524,0,0.94672,0.51423,8.08833,-0.56441,-0.72727,5745,Safenwil,GOE Gösgen,4.74786,GOE Gösgen,4.74786,456,418,,0
93740,13188.63672,0.66495,27.63189,0.06152,0.04842,0.96624,0.00000,13.31076,2.02126,9.63600,0.07037,0.50747,7.23817,3.98605,-0.01924,8.17431,0.04376,0.24328,0.28369,0.00000,973,338,361,1,1,9.80000,0.43793,0,0.77816,0.77823,4.63798,-0.34496,-0.40988,5225,Bözberg,PSI Würenlingen / PSI,8.05011,PSI Würenlingen / PSI,8.05011,336,337,,0
96812,20628.69922,0.76864,44.46920,0.01194,0.00683,0.80884,0.00175,13.13097,2.89112,8.87600,0.62192,0.41874,7.03487,4.25176,0.00599,3.63572,0.03901,0.16449,1.90513,0.00000,912,338,300,1,1,10.03200,0.48571,0,0.89823,0.56475,7.79479,-0.12501,-0.68631,5225,Bözberg,PSI Würenlingen / PSI,8.05011,PSI Würenlingen / PSI,8.05011,331,240,,0
87853,11547.81152,0.70986,16.04466,0.10594,0.08147,0.96964,0.00012,12.93015,1.98241,7.66120,0.29756,0.53693,6.44305,4.18769,-0.05247,3.51693,0.07445,0.29110,0.93022,0.00000,1034,338,361,1,1,8.72000,0.34005,0,0.81299,0.76816,3.44886,-0.30740,-0.28131,5706,Boniswil,MOA Mosen,8.10837,MOA Mosen,8.10837,331,360,,0
93741,19083.75195,0.76195,121.85852,0.13524,0.07711,0.89717,0.00053,13.98677,2.18777,9.09000,0.17948,0.20493,7.46302,4.66513,-0.00330,5.25300,0.01328,0.24583,0.74398,0.00000,1004,338,361,1,1,10.28400,0.44108,0,0.83947,0.48925,6.23805,-0.15329,-0.70743,5074,Eiken,MOE Möhlin,9.19899,MOE Möhlin,9.19899,337,313,,0
96814,25742.85156,0.79276,133.35240,0.05459,0.01978,0.79622,0.00018,12.86344,2.94322,9.87600,0.14372,0.24586,7.45932,3.67836,0.01154,3.49988,0.02029,0.09321,0.84053,0.00000,912,338,300,1,1,10.49200,0.38999,0,0.96938,0.52659,9.23125,-0.52487,-0.81728,4303,Kaiseraugst,STC St. Chrischona,5.73753,MOE Möhlin,10.99251,331,240,,0
116783,5396.76221,0.52844,3.92488,0.00565,0.00964,0.90966,0.00001,13.29448,2.33676,6.44760,0.18320,0.42444,7.41977,2.92718,-0.00558,2.76273,0.14787,0.14373,0.39339,0.00000,668,215,240,1,1,7.37200,0.69140,0,0.58443,0.57853,2.90964,-0.09565,-0.30024,5306,Tegerfelden,BEZ Beznau,3.93874,BEZ Beznau,3.93874,215,240,,0
144176,7263.10010,0.56743,9.54466,0.03794,0.02684,0.96074,0.00003,12.84075,2.03416,9.66320,0.01560,0.17601,7.50161,2.18228,0.02929,1.50711,0.14415,0.01903,0.04428,0.00000,608,215,210,1,1,10.69200,0.60186,0,0.90637,0.44649,5.28188,-0.26270,-0.50994,4313,Möhlin,MOE Möhlin,2.26388,MOE Möhlin,2.26388,154,120,,0
134962,9256.94531,0.71869,16.27627,0.02731,0.02110,0.87346,0.00038,13.62707,2.50776,8.26720,1.05267,0.30789,6.46860,4.17076,-0.02571,10.97558,0.07786,0.25289,7.62912,0.00000,487,215,120,1,1,9.38800,0.42853,0,0.67939,0.49445,5.70149,-0.11585,-0.72305,4310,Rheinfelden,MOE Möhlin,6.44527,MOE Möhlin,6.44527,206,120,,0
156980,0.04200,0.00000,0.00000,0.00004,0.50000,0.33333,0.41667,12.00000,6.92820,0.00000,1.27823,1.56990,0.00000,0.00000,0.00984,9.03624,0.84317,0.36630,0.91605,0.84706,273,92,120,1,0,0.06000,0.34997,0,0.00000,0.00000,0.00000,-0.43274,0.07475,5312,Döttingen,BEZ Beznau,1.91879,BEZ Beznau,1.91879,92,114,,7
66613,19576.99219,0.91024,4.27917,0.04282,0.04471,0.92103,0.00497,12.49282,2.31172,8.50000,0.47761,0.57967,6.60349,2.14980,0.01794,2.71902,0.21382,0.11468,2.30021,0.00000,1270,461,420,1,1,9.61600,0.71422,0,0.73560,0.54526,4.93801,0.05119,-0.30850,5106,Veltheim AG,BUS Buchs / Aarau,7.15332,BUS Buchs / Aarau,7.15332,457,420,,0
101174,22841.54883,0.79577,13.94451,0.16173,0.12256,0.94382,0.00022,12.93342,2.20583,11.85640,0.05103,0.72430,7.00962,2.66015,0.05622,3.21704,0.08304,0.09121,0.20158,0.00000,852,338,240,1,1,12.30400,0.65924,0,0.92402,0.64086,7.22430,-0.47379,-0.27123,5105,Auenstein,BUS Buchs / Aarau,5.31670,BUS Buchs / Aarau,5.31670,338,240,,0
124214,7682.56104,0.76256,26.17959,0.07177,0.05906,0.88595,0.02212,12.44243,2.86630,5.78800,0.39756,0.49312,7.26512,3.20886,-0.05742,7.27833,0.04367,0.29509,1.56015,0.00000,577,215,179,1,1,5.84400,0.37766,0,0.81853,0.49593,3.59408,-0.06720,-0.56611,5608,Stetten AG,LAE Lägern,11.33078,LAE Lägern,11.33078,215,155,,0
125494,8177.35205,0.71612,112.41541,0.10367,0.03387,0.85330,0.00131,14.45877,2.19842,7.33040,1.03426,0.55806,7.00349,5.87500,-0.03940,4.34884,0.02631,0.32621,3.59792,0.00000,546,215,148,1,1,8.71200,0.11727,0,0.87576,0.53872,4.20932,-0.38977,-0.27512,5304,Endingen,PSI Würenlingen / PSI,4.61373,PSI Würenlingen / PSI,4.61373,215,134,,0
124215,11336.41113,0.66205,17.34884,0.01904,0.01838,0.91637,0.00005,13.51186,2.26314,9.62560,0.35515,0.42158,6.79884,3.26763,-0.08221,2.76429,0.05863,0.25120,2.16878,0.00000,577,215,179,1,1,10.41600,0.68199,0,0.90042,0.63898,5.67003,-0.05612,-0.62359,5608,Stetten AG,LAE Lägern,11.33078,LAE Lägern,11.33078,215,155,,0
48183,0.00000,0.00000,0.00000,0.00000,0.50000,0.33333,0.41667,12.00000,6.92820,0.00000,1.53936,2.81879,0.00000,0.00000,0.01448,5.39186,0.73908,0.34037,2.92694,0.58073,1301,461,420,1,0,0.00000,0.41312,0,0.00000,0.00000,0.00000,-0.11711,-0.17616,5105,Auenstein,BUS Buchs / Aarau,5.31670,BUS Buchs / Aarau,5.31670,458,418,,7
79415,24584.21680,0.65847,95.81334,0.02178,0.01799,0.88336,0.00000,13.46208,2.48326,9.48600,0.01150,0.20768,7.95756,3.81972,0.03087,2.76686,0.01241,0.03875,0.06789,0.00000,1180,461,361,1,1,10.99200,0.55745,0,0.92190,0.54776,7.16175,-0.30441,-0.63201,5072,Oeschgen,MOE Möhlin,11.73837,MOE Möhlin,11.73837,430,361,,0
101176,7659.13184,0.58882,9.33648,0.05194,0.02827,0.96968,0.00006,12.90910,1.97577,5.50040,0.17181,0.33861,5.80325,0.04951,0.03494,1.08777,0.19126,0.13133,0.62517,0.00000,912,338,300,1,1,5.78800,0.20067,0,0.84928,0.77539,2.66399,-0.45734,-0.18659,8962,Bergdietikon,UEB Uetliberg,9.28304,LAE Lägern,10.61436,336,238,,0
36920,27565.96680,0.91024,7.12800,0.19926,0.13575,0.89798,0.00054,12.67507,2.46396,7.95820,0.20899,0.59756,6.96304,0.11024,0.07390,0.73285,0.17796,0.12357,1.55770,0.00000,1270,461,420,1,1,8.38000,0.61951,0,0.92923,0.50341,6.16974,-0.69846,-0.69544,5726,Unterkulm,BUS Buchs / Aarau,7.61319,BUS Buchs / Aarau,7.61319,459,420,,0
82232,15974.39746,0.68796,7.17244,0.06638,0.05931,0.94362,0.00005,12.64883,2.17440,9.77600,0.79119,0.41976,5.73232,3.83135,-0.03539,3.63056,0.14679,0.35459,3.44330,0.00000,1096,400,361,1,1,9.82400,0.52199,0,0.68999,0.64987,4.81424,-0.06878,-0.47016,5619,Uezwil,MOA Mosen,8.39588,MOA Mosen,8.39588,387,361,,0
136761,0.00000,0.00000,0.00000,0.00000,0.50000,0.33333,0.41667,12.00000,6.92820,0.00000,1.29138,1.69265,2.72843,3.39962,-0.00199,4.82586,1.22256,0.27144,1.87042,0.94937,457,215,120,1,0,0.00000,0.07736,0,0.00000,0.00000,0.00000,0.09697,-0.06306,5620,Bremgarten AG,UEB Uetliberg,12.11832,MOA Mosen,14.34987,196,78,,7
147257,9062.95312,0.70455,1060.85901,0.22504,0.03821,0.93198,0.00000,12.63595,2.28540,10.69520,1.21071,0.41312,7.83846,6.56469,0.04817,12.41860,0.00534,0.17992,6.19282,0.00000,396,154,120,1,1,11.62000,0.09911,0,0.84885,0.39355,7.52441,-0.25382,-0.09009,5107,Schinznach Dorf,BUS Buchs / Aarau,8.79924,BUS Buchs / Aarau,8.79924,129,120,,0
120634,25273.58008,0.81505,14.57769,0.04594,0.05055,0.89152,0.00006,13.00645,2.50562,14.50480,0.00190,0.01088,7.75233,4.86590,-0.00412,3.71420,0.05918,0.06653,0.01125,0.00000,638,215,240,1,1,15.09200,1.94132,0,0.97683,0.47926,12.28459,-0.51447,-0.80834,5235,Rüfenach AG,PSI Würenlingen / PSI,3.91803,PSI Würenlingen / PSI,3.91803,215,234,,0
163386,0.00000,0.00000,0.00000,0.00000,0.50000,0.33333,0.41667,12.00000,6.92820,0.00000,1.12386,1.00000,0.00000,0.00000,0.00000,4.79501,1.00000,0.31691,0.79943,0.76697,153,92,0,1,0,0.01600,2.82679,0,0.00000,0.00000,0.00000,-0.13682,0.00000,5614,Sarmenstorf,MOA Mosen,7.60866,MOA Mosen,7.60866,92,0,,12
27195,0.00000,0.00000,0.00000,0.00000,0.50000,0.33333,0.41667,12.00000,6.92820,0.00000,1.19924,1.20901,1.57430,0.90754,-0.02202,6.68656,0.38235,0.31558,5.46679,0.00000,1301,461,420,1,0,0.00000,0.75398,0,0.00000,0.00000,0.00000,0.08531,-0.23298,5113,Holderbank AG,BUS Buchs / Aarau,8.72491,BUS Buchs / Aarau,8.72491,457,401,,7
138044,20812.21484,0.85777,50.81865,0.19010,0.10334,0.85916,0.00004,12.35028,2.57385,14.00960,0.01158,0.33668,7.64000,0.10431,0.05116,0.71811,0.03246,0.01660,0.06495,0.00000,457,215,120,1,1,15.38800,0.64488,0,0.96294,0.44871,11.84610,-0.50933,-0.69202,4313,Möhlin,MOE Möhlin,2.26388,MOE Möhlin,2.26388,200,120,,0
107581,3609.58789,0.43133,2.70967,0.00272,0.01163,0.93792,0.00000,14.32416,1.65019,3.57280,0.70496,0.61486,7.25088,2.89213,0.01518,2.28314,0.08525,0.18923,4.76614,0.00000,881,338,269,1,1,3.80800,0.76416,0,0.81824,0.73744,1.59145,-0.11612,-0.60344,5622,Waltenschwil,MOA Mosen,11.13299,MOA Mosen,11.13299,277,236,,0
121149,25619.24219,0.85266,110.72687,0.10954,0.02932,0.86039,0.00039,12.72986,2.64475,15.86800,0.09032,0.29091,7.33721,0.51867,0.02183,1.06029,0.03275,0.06605,0.59448,0.00000,638,215,240,1,1,18.40000,0.43782,0,0.92377,0.47237,13.40279,-0.44283,-0.35461,4310,Rheinfelden,MOE Möhlin,6.44527,MOE Möhlin,6.44527,215,218,,0
131646,0.00000,0.00000,0.00000,0.00000,0.50000,0.33333,0.41667,12.00000,6.92820,0.00000,1.75258,1.00390,0.00000,0.00000,-0.03925,8.24742,0.18372,0.42016,2.11982,1.03170,518,215,120,1,0,0.00000,0.76246,0,0.00000,0.00000,0.00000,-0.23136,-0.80720,4317,Wegenstetten,RUE Rünenberg,8.00254,RUE Rünenberg,8.00254,214,120,,7
156990,0.47800,0.00000,0.00033,0.00036,0.50000,0.33333,0.41667,12.00000,6.92820,0.05860,1.65105,1.81949,0.00000,0.00000,0.00287,9.38685,1.04813,0.39681,0.88396,1.22231,273,92,120,1,0,0.07600,0.21407,0,-0.18903,-0.55172,0.00025,0.08399,0.25937,5312,Döttingen,BEZ Beznau,1.91879,BEZ Beznau,1.91879,92,114,,5
167230,5491.78613,0.44340,127.15419,0.00000,0.00000,0.87139,0.00082,12.87092,2.59306,9.78000,0.32615,1.00000,7.25272,6.56452,0.00000,3.61346,1.00000,0.14280,2.01389,0.00000,212,92,59,1,1,10.36800,0.01911,0,0.97789,0.45705,8.89666,-0.54798,0.00000,5235,Rüfenach AG,PSI Würenlingen / PSI,3.91803,PSI Würenlingen / PSI,3.91803,92,0,,5
128319,118.87000,0.25822,0.01333,0.00096,0.11914,0.81513,0.00256,13.97889,2.77668,0.19380,0.96449,0.86160,2.55465,0.85714,0.00419,5.55443,0.52985,0.23465,2.93548,0.00027,608,215,210,1,1,4.70800,1.98183,0,0.39983,0.68627,0.05674,-0.15904,-0.62000,5707,Seengen,MOA Mosen,9.41162,MOA Mosen,9.41162,211,119,,0
156991,0.00000,0.00000,0.00000,0.00000,0.50000,0.33333,0.41667,12.00000,6.92820,0.00000,4.10763,2.92788,0.00000,0.00000,-0.02179,10.24149,0.66854,0.48850,3.53837,2.40425,273,92,120,1,0,0.00000,0.50200,0,0.00000,0.00000,0.00000,0.01790,-0.16544,5312,Döttingen,BEZ Beznau,1.91879,BEZ Beznau,1.91879,92,114,,7
110144,41293.19531,0.67430,12.62407,0.17112,0.08265,0.81910,0.00067,12.16372,2.75962,18.62900,0.01206,0.30366,7.77731,0.06946,0.04891,1.03443,0.15045,0.01375,0.05691,0.00000,1004,338,361,1,1,21.42400,1.35920,0,0.95972,0.39660,17.61784,-0.40386,-0.91780,5074,Eiken,MOE Möhlin,9.19899,MOE Möhlin,9.19899,238,240,,0
149313,6447.64600,0.90959,2.86440,0.09622,0.10594,0.83824,0.00031,12.41730,2.71972,7.59100,0.08920,0.39547,6.41748,0.04275,0.04187,1.47243,0.28349,0.07760,0.45065,0.00000,365,123,120,1,1,9.34000,1.04544,0,0.75259,0.30624,5.71373,0.01623,-0.43818,4324,Obermumpf,MOE Möhlin,6.71235,MOE Möhlin,6.71235,103,119,,0
93249,0.00000,0.00000,0.00000,0.00000,0.50000,0.33333,0.41667,12.00000,6.92820,0.00000,1.00704,0.74234,0.00000,0.00000,-0.00194,4.55014,0.43852,0.27836,2.02331,0.27761,1004,338,361,1,0,0.00000,1.75500,0,0.00000,0.00000,0.00000,-0.03099,-0.44931,4310,Rheinfelden,MOE Möhlin,6.44527,MOE Möhlin,6.44527,337,343,,7
153410,0.00000,0.00000,0.00000,0.00000,0.50000,0.33333,0.41667,12.00000,6.92820,0.00000,1.08728,1.15242,0.00000,0.00000,0.02792,6.77373,19.78130,0.30943,1.08095,0.59474,304,92,120,1,0,0.00000,5.63660,0,0.00000,0.00000,0.00000,-0.06957,0.26936,4313,Möhlin,MOE Möhlin,2.26388,MOE Möhlin,2.26388,92,120,,7
161858,5169.41113,0.83425,26.00624,0.40494,0.01603,0.90442,0.00005,13.64599,2.34599,8.27800,0.02072,0.15231,7.22554,4.66774,0.00000,2.72371,0.95605,0.18202,0.11177,0.00000,181,92,28,1,1,9.14000,0.30406,0,0.96332,0.46977,6.22122,-0.56733,0.00000,4312,Magden,MOE Möhlin,7.80199,MOE Möhlin,7.80199,92,2,,2
150083,5231.88184,0.56986,41.23730,0.00117,0.00295,0.91027,0.00009,13.34798,2.36654,9.39600,0.15766,0.58704,6.58684,3.33531,0.04149,3.54216,0.00957,0.17909,0.79203,0.00000,365,123,120,1,1,10.60800,1.47857,0,0.91482,0.61448,6.24014,-0.58024,-0.85427,5607,Hägglingen,BUS Buchs / Aarau,13.26309,BUS Buchs / Aarau,13.26309,95,120,,0
96067,7030.09180,0.56972,0.81293,0.01000,0.03314,0.91872,0.00045,14.73397,1.52061,7.14720,0.12692,0.57462,4.27967,0.66227,0.06138,2.64916,0.35893,0.11384,0.59073,0.00452,1004,338,361,1,1,7.68000,1.53937,0,0.80632,0.78225,2.30178,-0.44123,-0.46261,5452,Oberrohrdorf,LAE Lägern,8.53075,LAE Lägern,8.53075,336,239,,0
162628,2879.90210,0.88235,83.94379,0.00000,0.50000,0.94001,0.00000,13.07872,2.20165,5.42880,0.06506,1.00000,7.96739,7.59722,0.00000,2.70652,1.00000,0.07907,0.31339,0.00000,153,92,0,1,1,5.98800,0.01632,0,0.88975,0.43360,3.50573,-0.71130,0.00000,4333,Münchwilen AG,MOE Möhlin,7.45753,MOE Möhlin,7.45753,92,0,,6
131910,13227.98926,0.77618,4.07949,0.02789,0.02062,0.95211,0.00025,12.90716,2.20659,10.91200,0.03297,0.23192,7.19884,3.96849,0.02184,2.96420,0.32478,0.10301,0.03290,0.00000,487,215,120,1,1,12.32000,0.85720,0,0.87052,0.54221,7.71191,-0.23422,-0.07678,5725,Leutwil,MOA Mosen,8.27182,MOA Mosen,8.27182,211,120,,0
105543,42605.82031,0.91909,109.94576,0.14696,0.05398,0.84804,0.00182,12.80959,2.71744,19.87720,0.09409,0.15173,7.59843,3.21318,-0.00951,3.68721,0.02342,0.09777,0.63001,0.00000,791,338,240,1,1,22.94400,0.60743,0,0.94890,0.44282,17.28012,-0.38568,-0.47204,5106,Veltheim AG,BUS Buchs / Aarau,7.15332,BUS Buchs / Aarau,7.15332,286,240,,0
142407,4629.87891,0.59390,3.83648,0.00244,0.00594,0.94609,0.00001,13.18868,2.19025,5.63240,0.09537,0.34593,7.65868,2.90465,0.03821,2.84737,0.10627,0.08742,0.61168,0.00000,426,184,120,1,1,6.34800,0.96144,0,0.74385,0.42556,3.56156,0.11711,-0.36797,5316,Leuggern,LEI Leibstadt,2.65713,LEI Leibstadt,2.65713,167,120,,0
149575,6830.79980,0.57808,170.29936,0.02264,0.01746,0.89623,0.00001,13.79381,2.29261,9.69200,8.87722,0.74529,7.62624,4.93805,0.01931,3.21782,0.00748,0.27233,21.42970,0.00000,365,123,120,1,1,9.72000,0.51468,0,0.82351,0.39300,7.10437,-0.03557,-0.59002,5620,Bremgarten AG,UEB Uetliberg,12.11832,MOA Mosen,14.34987,101,120,,0
101195,15139.13379,0.76005,12.18388,0.02728,0.02840,0.88613,0.00001,13.85548,2.30862,9.74400,0.90222,0.62551,6.85831,4.41728,-0.11253,3.31130,0.07658,0.34132,4.79946,0.00000,821,338,240,1,1,9.82800,0.59440,0,0.78095,0.61603,5.58004,-0.13584,-0.34544,5225,Bözberg,PSI Würenlingen / PSI,8.05011,PSI Würenlingen / PSI,8.05011,336,240,,0
154700,2528.76807,0.53618,5.90356,0.01288,0.00754,0.89532,0.00059,13.79003,2.33463,5.14080,1.84151,1.99825,6.77446,3.46567,0.02009,2.97760,0.28716,0.21814,12.46501,0.00000,304,92,120,1,1,5.87600,0.36614,0,0.74177,0.49319,3.32018,0.04109,-0.04924,4313,Möhlin,MOE Möhlin,2.26388,MOE Möhlin,2.26388,92,120,,0
162636,3869.25903,0.82353,196.50537,0.00000,0.50000,0.88848,0.00011,13.56744,2.30298,11.08160,1.70386,1.00000,7.14402,6.85764,0.00000,3.32446,1.00000,0.30969,7.46425,0.00000,153,92,0,1,1,12.11200,0.15907,0,0.70919,0.61615,5.50134,-0.08027,0.00000,5614,Sarmenstorf,MOA Mosen,7.60866,MOA Mosen,7.60866,92,0,,6
162637,2290.46387,0.85621,10.73938,0.00000,0.50000,0.97494,0.00016,13.39703,1.73184,8.36320,0.58383,1.00000,5.50815,3.87153,0.00000,2.84166,1.00000,0.22357,1.00190,0.00000,153,92,0,1,1,9.00400,0.33364,0,0.69785,0.74304,3.19466,-0.04567,0.00000,5614,Sarmenstorf,MOA Mosen,7.60866,MOA Mosen,7.60866,92,0,,6
56399,27533.30078,0.68268,422.28394,0.03796,0.01695,0.84054,0.00028,12.63295,2.73141,9.61200,0.33927,0.24824,7.87473,5.19396,-0.03728,11.69107,0.00521,0.19927,1.16005,0.00000,1270,461,420,1,1,11.43200,0.30097,0,0.91148,0.54558,7.42414,-0.13087,-0.57040,5105,Auenstein,BUS Buchs / Aarau,5.31670,BUS Buchs / Aarau,5.31670,458,419,,0
136016,12196.22461,0.97155,3.84123,0.12551,0.14663,0.73412,0.00935,11.01534,2.66236,9.38000,0.10210,0.32453,6.28571,0.15256,0.03862,1.77725,0.19016,0.06096,0.39687,0.00000,457,215,120,1,1,10.29600,1.03798,0,0.76856,0.41957,6.34343,-0.11507,-0.47113,4313,Möhlin,MOE Möhlin,2.26388,MOE Möhlin,2.26388,208,120,,0
150096,4135.97314,0.54521,110.90674,0.01512,0.01766,0.83035,0.00000,13.26578,2.80966,6.46520,0.26744,0.46641,7.57105,4.31825,-0.07631,3.95789,0.00758,0.23758,1.08671,0.00000,365,123,120,1,1,7.39200,0.49481,0,0.83959,0.46025,4.46509,-0.24615,-0.74903,4313,Möhlin,MOE Möhlin,2.26388,MOE Möhlin,2.26388,95,120,,0
118609,15763.87207,0.62069,5.63318,0.00519,0.00713,0.94262,0.00005,13.14538,2.18632,14.00460,0.01518,0.13601,7.04651,2.28409,-0.00530,2.42732,0.12846,0.09568,0.07400,0.00000,638,215,240,1,1,14.44000,1.60196,0,0.87878,0.58095,8.56918,-0.07030,-0.47029,5106,Veltheim AG,BUS Buchs / Aarau,7.15332,BUS Buchs / Aarau,7.15332,215,239,,0
138577,18758.34570,0.92560,16.36058,1.17626,0.19369,0.85835,0.00018,14.06037,2.43759,14.52320,0.14804,0.41636,7.35825,2.90252,0.00605,1.89836,0.29930,0.13006,0.74116,0.00000,457,215,120,1,1,15.66400,0.26749,0,0.87569,0.43999,10.15587,-0.38270,-0.28637,4317,Wegenstetten,RUE Rünenberg,8.00254,RUE Rünenberg,8.00254,193,120,,0
111698,104366.19531,0.97260,613.48889,55.08620,0.15836,0.80127,0.01111,12.50980,3.10059,38.18340,0.00055,0.01045,7.98069,0.89747,0.00124,3.15537,0.47721,0.01032,0.00000,0.00000,730,277,240,1,1,40.42800,0.02388,0,0.93612,0.36840,39.84655,-0.00985,-0.33042,5622,Waltenschwil,MOA Mosen,11.13299,MOA Mosen,11.13299,253,237,,0
126291,16649.86914,0.66766,242.55249,0.18434,0.01969,0.82956,0.00131,12.96296,2.83417,9.57100,0.24882,0.20441,7.74535,6.01524,0.01030,4.60829,0.03783,0.07597,1.05935,0.00000,668,215,240,1,1,9.76800,0.13953,0,0.97871,0.44625,8.86323,-0.27567,-0.68536,4313,Möhlin,MOE Möhlin,2.26388,MOE Möhlin,2.26388,215,127,,0
119892,34050.26953,0.83072,21.67354,0.21307,0.06148,0.80745,0.00166,12.65333,2.91620,14.27200,0.01176,0.93217,7.61977,0.19828,0.11278,0.83366,0.15007,0.01128,0.07710,0.00000,638,215,240,1,1,14.50000,0.71560,0,0.95821,0.39436,16.48667,-0.45846,-0.42354,5225,Bözberg,PSI Würenlingen / PSI,8.05011,PSI Würenlingen / PSI,8.05011,214,238,,0
128853,0.00000,0.00000,0.00000,0.00000,0.50000,0.33333,0.41667,12.00000,6.92820,0.00000,2.09179,6.62723,0.00000,0.00000,0.02595,9.11621,0.42571,0.39760,3.75901,0.86612,546,215,148,1,0,0.00000,1.39667,0,0.00000,0.00000,0.00000,0.04644,-0.40335,4317,Wegenstetten,RUE Rünenberg,8.00254,RUE Rünenberg,8.00254,214,119,,7
171608,52091.74219,0.50820,0.00000,0.00000,0.50000,0.78483,0.00614,12.36720,3.00399,127.94880,1.00000,1.00000,8.00000,8.00000,0.00000,13.00000,1.00000,0.33333,0.00000,1.00000,122,92,0,1,1,132.69600,0.00000,0,0.97729,0.29614,121.62471,0.00000,0.00000,5620,Bremgarten AG,UEB Uetliberg,12.11832,MOA Mosen,14.34987,62,0,,12
106074,17323.29297,0.68394,14.40042,0.01613,0.02089,0.91371,0.00327,13.52079,2.36660,11.71840,0.16148,0.41211,6.38502,3.23142,-0.02145,2.44611,0.05252,0.21841,0.97648,0.00000,791,338,240,1,1,13.09200,0.91852,0,0.82887,0.56077,7.53232,-0.06981,-0.52676,5506,Mägenwil,BUS Buchs / Aarau,11.91100,BUS Buchs / Aarau,11.91100,285,240,,0
122202,6298.73291,0.47099,12.02486,0.05038,0.06151,0.96528,0.00014,13.45290,1.90181,5.76160,0.07365,0.24268,7.07326,2.94444,-0.01053,5.07831,0.06393,0.17944,0.23821,0.00000,1034,338,361,1,1,6.74400,0.53575,0,0.94083,0.64877,3.04784,-0.38336,-0.48188,4303,Kaiseraugst,STC St. Chrischona,5.73753,MOE Möhlin,10.99251,209,214,,0
123483,0.00000,0.00000,0.00000,0.00000,0.50000,0.33333,0.41667,12.00000,6.92820,0.00000,1.73769,1.87906,0.00000,0.00000,0.04300,7.20589,0.74518,0.29403,4.66330,0.49989,912,338,269,1,0,0.00000,0.53705,0,0.00000,0.00000,0.00000,-0.10765,-0.02973,4322,Mumpf,MOE Möhlin,4.27396,MOE Möhlin,4.27396,215,170,,7
33116,15528.36230,0.77717,3.00759,0.01372,0.03015,0.91609,0.00007,13.26120,2.29164,6.99020,0.15522,0.52166,6.24729,0.16194,0.06012,1.13766,0.14674,0.06789,0.43881,0.00000,1270,461,420,1,1,7.95600,1.15823,0,0.86124,0.62674,4.04758,-0.00361,-0.65306,5072,Oeschgen,MOE Möhlin,11.73837,MOE Möhlin,11.73837,461,419,,0
106333,0.00000,0.00000,0.00000,0.00000,0.50000,0.33333,0.41667,12.00000,6.92820,0.00000,1.73090,2.74669,0.00000,0.00000,0.10801,6.07937,0.75192,0.39427,2.30044,0.95380,822,338,240,1,0,0.00000,0.41298,0,0.00000,0.00000,0.00000,-0.38903,-0.07027,5706,Boniswil,MOA Mosen,8.10837,MOA Mosen,8.10837,307,240,,7
162909,0.00000,0.00000,0.00000,0.00000,0.50000,0.33333,0.41667,12.00000,6.92820,0.00000,0.00000,1.00000,8.00000,0.95567,0.00000,1.03261,1.00000,0.00000,0.00000,0.00000,243,92,90,1,0,0.00000,0.70872,0,0.00000,0.00000,0.00000,0.00000,0.00000,5236,Remigen,PSI Würenlingen / PSI,4.17446,PSI Würenlingen / PSI,4.17446,92,0,,13
27485,0.00000,0.00000,0.00000,0.00000,0.50000,0.33333,0.41667,12.00000,6.92820,0.00000,1.54043,1.04521,0.00054,0.00000,0.01196,6.27006,1.07351,0.27969,2.88423,0.75653,1301,461,420,1,0,0.00000,0.73776,0,0.00000,0.00000,0.00000,-0.00419,-0.01837,5113,Holderbank AG,BUS Buchs / Aarau,8.72491,BUS Buchs / Aarau,8.72491,457,316,,7
106334,0.00000,0.00000,0.00000,0.00000,0.50000,0.33333,0.41667,12.00000,6.92820,0.00000,4.60732,7.10039,0.00000,0.00000,0.08695,6.27580,0.73905,0.38802,32.59613,0.46524,822,338,240,1,0,0.00000,0.56131,0,0.00000,0.00000,0.00000,-0.05338,-0.08922,5706,Boniswil,MOA Mosen,8.10837,MOA Mosen,8.10837,307,240,,7
162910,0.00000,0.00000,0.00000,0.00000,0.50000,0.33333,0.41667,12.00000,6.92820,0.00000,0.00355,1.00000,7.98098,0.95567,0.00000,1.03315,1.00000,0.00219,0.00000,0.00000,243,92,90,1,0,0.00000,0.40959,0,0.00000,0.00000,0.00000,0.01636,0.00000,5236,Remigen,PSI Würenlingen / PSI,4.17446,PSI Würenlingen / PSI,4.17446,92,0,,12
106079,27905.94141,0.67889,104.56238,0.04286,0.01870,0.88005,0.00002,13.22368,2.56899,13.18820,0.05133,0.22643,7.51045,0.23007,0.02706,0.71592,0.02151,0.05752,0.33259,0.00000,791,338,240,1,1,14.21200,0.39890,0,0.92719,0.44300,11.52489,-0.47519,-0.78357,5106,Veltheim AG,BUS Buchs / Aarau,7.15332,BUS Buchs / Aarau,7.15332,287,240,,0
106335,3254.84692,0.82301,0.49530,0.02026,0.20767,0.15533,0.51534,12.57236,7.95937,7.71360,18.99155,1.07504,0.18006,4.45975,0.07558,12.23918,0.15608,0.37752,80.61186,4.57737,791,338,240,1,1,7.90800,1.41420,0,-0.09564,-0.08475,0.97290,-0.31181,-0.15092,5706,Boniswil,MOA Mosen,8.10837,MOA Mosen,8.10837,307,240,,0
162911,0.00000,0.00000,0.00000,0.00000,0.50000,0.33333,0.41667,12.00000,6.92820,0.00000,0.00009,1.00000,7.99728,0.95567,0.00000,1.01951,1.00000,0.00066,0.00044,0.00000,243,92,90,1,0,0.00400,0.47113,0,0.00000,0.00000,0.00000,0.05180,0.00000,5236,Remigen,PSI Würenlingen / PSI,4.17446,PSI Würenlingen / PSI,4.17446,92,0,,12
27487,0.00000,0.00000,0.00000,0.00000,0.50000,0.33333,0.41667,12.00000,6.92820,0.00000,1.11516,0.97616,0.00054,0.00000,-0.00660,4.68037,1.09376,0.22487,2.67432,0.40632,1301,461,420,1,0,0.00000,0.67126,0,0.00000,0.00000,0.00000,0.01920,-0.23681,5113,Holderbank AG,BUS Buchs / Aarau,8.72491,BUS Buchs / Aarau,8.72491,458,313,,7
106336,23736.68750,0.81290,26.35833,0.01385,0.01826,0.92821,0.00049,13.01813,2.31649,14.26400,0.65161,0.54944,6.69373,0.14136,0.05064,0.94875,0.02825,0.11514,0.89464,0.00000,791,338,240,1,1,16.24800,1.14848,0,0.87036,0.57379,10.18596,-0.29549,-0.19986,5706,Boniswil,MOA Mosen,8.10837,MOA Mosen,8.10837,307,240,,0
162912,0.00000,0.00000,0.00000,0.00000,0.50000,0.33333,0.41667,12.00000,6.92820,0.00000,0.00000,1.00000,8.00000,0.95567,0.00000,1.03804,1.00000,0.00000,0.00000,0.00000,243,92,90,1,0,0.00000,0.54681,0,0.00000,0.00000,0.00000,0.00000,0.00000,5236,Remigen,PSI Würenlingen / PSI,4.17446,PSI Würenlingen / PSI,4.17446,92,0,,13
131425,14792.85547,0.71231,11.64412,0.07106,0.03640,0.79161,0.00138,13.17953,2.97044,9.52600,0.11130,0.44281,7.38837,1.33673,0.05410,2.31221,0.16157,0.04641,0.51709,0.00000,577,215,179,1,1,11.17200,0.72487,0,0.89969,0.47854,8.73477,-0.35706,-0.76396,5622,Waltenschwil,MOA Mosen,11.13299,MOA Mosen,11.13299,211,119,,0
162401,5372.10498,0.63679,10.70560,0.00000,0.00000,0.72890,0.12626,13.85518,4.21738,9.51080,0.06161,1.00000,7.25272,4.51923,0.00000,8.35105,1.00000,0.04963,0.38318,0.00000,212,92,59,1,1,9.89600,0.36532,0,0.88951,0.39175,6.46392,-0.35541,0.00000,5607,Hägglingen,BUS Buchs / Aarau,13.26309,BUS Buchs / Aarau,13.26309,92,0,,5
126306,30632.95898,0.60086,396.69833,0.08558,0.01484,0.86895,0.00005,13.47309,2.58081,17.86900,0.03557,0.20870,7.77791,5.27052,0.01630,4.86755,0.01432,0.07628,0.25699,0.00000,699,246,240,1,1,18.68000,0.36641,0,0.94442,0.45166,15.72994,-0.51981,-0.80501,5108,Oberflachs,BUS Buchs / Aarau,6.89973,BUS Buchs / Aarau,6.89973,213,127,,0
142434,0.00000,0.00000,0.00000,0.00000,0.50000,0.33333,0.41667,12.00000,6.92820,0.00000,1.25762,1.32083,0.55389,0.32274,0.01326,6.06158,0.89988,0.34766,2.00719,0.33158,426,184,120,1,0,0.00000,0.11955,0,0.00000,0.00000,0.00000,0.05817,-0.40836,4317,Wegenstetten,RUE Rünenberg,8.00254,RUE Rünenberg,8.00254,166,119,,7
162915,0.00000,0.00000,0.00000,0.00000,0.50000,0.33333,0.41667,12.00000,6.92820,0.00000,0.00000,1.00000,8.00000,0.95567,0.00000,1.03804,1.00000,0.00000,0.00000,0.00000,243,92,90,1,0,0.00000,0.19148,0,0.00000,0.00000,0.00000,0.00000,0.00000,5236,Remigen,PSI Würenlingen / PSI,4.17446,PSI Würenlingen / PSI,4.17446,92,0,,13
160101,3697.24707,0.59434,21.29398,0.00000,0.00000,0.93031,0.00000,13.22474,2.32792,6.93520,0.06702,1.00000,7.64402,5.20349,0.00000,3.20597,1.00000,0.10550,0.19212,0.00000,212,92,59,1,1,7.28000,0.19256,0,0.88917,0.53077,4.68393,-0.49282,0.00000,4333,Münchwilen AG,MOE Möhlin,7.45753,MOE Möhlin,7.45753,92,0,,5
160102,3826.80713,0.58491,26.19210,0.00000,0.00000,0.95281,0.00016,13.47249,1.98720,8.47280,0.05566,1.00000,6.90489,6.31202,0.00000,2.98007,1.00000,0.20251,0.28687,0.00000,212,92,59,1,1,9.18400,0.15349,0,0.94196,0.60522,4.88614,-0.67633,0.00000,4333,Münchwilen AG,MOE Möhlin,7.45753,MOE Möhlin,7.45753,92,0,,5
160358,3936.93799,0.81604,2.46529,0.04168,0.06244,0.92638,0.00179,14.25662,1.76524,8.95600,0.03218,0.23902,5.74728,1.67120,0.04555,2.06690,0.25384,0.03386,0.09834,0.00000,212,92,59,1,1,9.50400,1.47984,0,0.91157,0.67086,4.25454,-0.47089,-0.71555,4315,Zuzgen,MOE Möhlin,5.77083,MOE Möhlin,5.77083,92,31,,0
128103,26014.29688,0.91699,19.06106,0.09111,0.06643,0.86110,0.00084,12.23465,2.54353,17.17920,0.04574,0.33011,7.23721,0.20996,0.03412,0.85461,0.06717,0.03767,0.13278,0.00000,518,215,120,1,1,20.42000,1.00805,0,0.94100,0.49928,13.40336,-0.24179,-0.60033,5725,Leutwil,MOA Mosen,8.27182,MOA Mosen,8.27182,211,120,,0
160103,5369.10400,0.60849,6.94774,0.00000,0.00000,0.85430,0.00021,13.05932,2.65517,8.62320,0.01362,1.00000,7.63315,0.07558,0.00000,1.07022,1.00000,0.00928,0.06429,0.00000,212,92,59,1,1,8.93600,0.40318,0,0.92832,0.36304,6.53890,-0.57140,0.00000,4333,Münchwilen AG,MOE Möhlin,7.45753,MOE Möhlin,7.45753,92,0,,5
120936,5194.32617,0.80564,9.63598,0.03998,0.05875,0.93758,0.00002,12.98693,2.25568,4.76260,0.43113,0.28709,6.17326,0.08652,0.00898,1.17834,0.06648,0.12982,1.41127,0.00000,638,215,240,1,1,4.79600,0.52301,0,0.73826,0.63661,2.68029,-0.35281,-0.45303,4303,Kaiseraugst,STC St. Chrischona,5.73753,MOE Möhlin,10.99251,209,228,,0
160104,5700.98682,0.60849,7.23539,0.00000,0.00000,0.86814,0.00013,12.96118,2.61422,8.80720,0.02238,1.00000,7.60054,0.04845,0.00000,1.06342,1.00000,0.01911,0.15048,0.00000,212,92,59,1,1,9.02800,0.34002,0,0.93591,0.34785,6.92236,-0.66307,0.00000,4333,Münchwilen AG,MOE Möhlin,7.45753,MOE Möhlin,7.45753,92,0,,5
120937,7442.16309,0.83229,8.27083,0.39509,0.21165,0.97543,0.00007,12.84710,1.96474,4.96800,0.16925,0.71042,6.57093,0.00359,0.04816,1.21991,0.17793,0.09081,0.55968,0.00000,638,215,240,1,1,5.64400,0.30694,0,0.91371,0.65090,2.75495,-0.45556,-0.04658,4303,Kaiseraugst,STC St. Chrischona,5.73753,MOE Möhlin,10.99251,209,228,,0
139881,0.00000,0.00000,0.00000,0.00000,0.50000,0.33333,0.41667,12.00000,6.92820,0.00000,0.26800,0.02115,0.03075,0.06585,-0.13014,5.42516,0.13951,0.25294,0.55192,0.05402,457,215,120,1,0,0.00000,2.31529,0,0.00000,0.00000,0.00000,-0.03525,-0.86820,5316,Leuggern,LEI Leibstadt,2.65713,LEI Leibstadt,2.65713,187,119,,7
90985,0.00000,0.00000,0.00000,0.00000,0.50000,0.33333,0.41667,12.00000,6.92820,0.00000,1.29161,1.30892,0.00000,0.00000,-0.00963,4.74511,0.24428,0.34737,2.48244,0.33525,1035,338,361,1,0,0.00000,1.34300,0,0.00000,0.00000,0.00000,-0.23314,-0.91806,5706,Boniswil,MOA Mosen,8.10837,MOA Mosen,8.10837,331,361,,7
118890,0.00000,0.00000,0.00000,0.00000,0.50000,0.33333,0.41667,12.00000,6.92820,0.00000,0.82203,0.90066,0.00000,0.00000,0.00099,5.58691,0.10615,0.35797,2.87579,0.18321,638,215,240,1,0,0.00000,1.70070,0,0.00000,0.00000,0.00000,-0.33111,-0.83674,5113,Holderbank AG,BUS Buchs / Aarau,8.72491,BUS Buchs / Aarau,8.72491,215,238,,7
107115,0.00000,0.00000,0.00000,0.00000,0.50000,0.33333,0.41667,12.00000,6.92820,0.00000,0.67944,0.40709,0.00000,0.00000,-0.04568,4.38956,0.13019,0.24755,1.94153,0.20946,822,338,240,1,0,0.00000,1.93360,0,0.00000,0.00000,0.00000,-0.00221,-0.52184,5504,Othmarsingen,BUS Buchs / Aarau,10.46537,BUS Buchs / Aarau,10.46537,302,240,,7
135531,0.00000,0.00000,0.00000,0.00000,0.50000,0.33333,0.41667,12.00000,6.92820,0.00000,1.07091,1.04067,0.02103,0.02198,0.00170,3.46643,1.26887,0.30448,2.06077,0.41786,487,215,120,1,0,0.00000,0.25014,0,0.00000,0.00000,0.00000,0.13718,-0.50733,4313,Möhlin,MOE Möhlin,2.26388,MOE Möhlin,2.26388,214,120,,7
106348,0.00000,0.00000,0.00000,0.00000,0.50000,0.33333,0.41667,12.00000,6.92820,0.00000,1.26704,0.99035,0.00000,0.00000,-0.04866,7.78856,0.26641,0.38666,2.47630,0.46185,822,338,240,1,0,0.00000,0.55948,0,0.00000,0.00000,0.00000,-0.16748,-0.77423,5506,Mägenwil,BUS Buchs / Aarau,11.91100,BUS Buchs / Aarau,11.91100,309,240,,7
155244,0.00000,0.00000,0.00000,0.00000,0.50000,0.33333,0.41667,12.00000,6.92820,0.00000,5.57350,7.28385,0.16304,0.14018,0.01991,7.56049,0.43701,0.34761,16.36411,0.75792,852,338,240,1,0,0.00000,0.40301,0,0.00000,0.00000,0.00000,-0.12486,-0.05509,5607,Hägglingen,BUS Buchs / Aarau,13.26309,BUS Buchs / Aarau,13.26309,92,120,,7
156525,1780.55701,0.56908,5.74291,0.04866,0.05657,0.93568,0.00107,13.78610,1.98768,5.09720,0.61319,1.11943,6.41304,3.96807,0.00678,2.74940,0.14129,0.27649,2.27710,0.00000,304,92,120,1,1,5.97600,0.38839,0,0.35586,0.28508,1.92057,0.09064,-0.02588,5314,Kleindöttingen,BEZ Beznau,1.44603,BEZ Beznau,1.44603,92,120,,0
174189,0.00000,0.00000,0.00000,0.00000,0.50000,0.33333,0.41667,12.00000,6.92820,0.00000,2.24625,1.00000,0.00000,0.00000,0.00000,12.00000,1.00000,0.33333,1.68281,1.31335,31,31,0,1,0,0.00000,0.71939,0,0.00000,0.00000,0.00000,0.00000,0.00000,5236,Remigen,PSI Würenlingen / PSI,4.17446,PSI Würenlingen / PSI,4.17446,10,0,,18
69997,14588.83594,0.82362,6.82889,0.56401,0.23231,0.96338,0.00065,13.13557,2.08146,5.52800,2.93953,0.72924,6.03913,4.02215,-0.00335,2.94918,0.27292,0.21842,6.82875,0.00000,1270,461,420,1,1,6.27600,0.20576,0,0.67377,0.64720,2.95767,0.00450,-0.16014,8962,Bergdietikon,UEB Uetliberg,9.28304,LAE Lägern,10.61436,452,415,,0
155246,0.00000,0.00000,0.00000,0.00000,0.50000,0.33333,0.41667,12.00000,6.92820,0.00000,2.27315,2.37167,0.00000,0.00000,0.00052,11.19044,0.53234,0.45694,0.86187,1.91925,852,338,240,1,0,0.04400,0.18832,0,0.00000,0.00000,0.00000,-0.13039,0.03687,5607,Hägglingen,BUS Buchs / Aarau,13.26309,BUS Buchs / Aarau,13.26309,92,120,,7
107887,11690.33105,0.72763,5.10007,0.00440,0.00523,0.92234,0.00071,13.07208,2.33159,8.38200,0.15425,0.43771,6.47651,0.21833,0.02399,1.50070,0.16404,0.10155,0.33450,0.00000,760,307,240,1,1,9.62800,0.73594,0,0.85095,0.63098,5.31889,-0.17346,-0.37109,5622,Waltenschwil,MOA Mosen,11.13299,MOA Mosen,11.13299,288,237,,0
150127,10270.29297,0.92329,29.86337,2.36626,0.17858,0.74916,0.00164,11.44306,2.81815,9.86560,0.01872,0.61619,7.76316,0.18527,0.07399,1.14301,0.36448,0.02380,0.06000,0.00000,365,123,120,1,1,10.51600,0.13100,0,0.94634,0.33664,8.28886,-0.52371,-0.00124,4316,Hellikon,MOE Möhlin,7.65666,MOE Möhlin,7.65666,94,120,,0
155247,0.00000,0.00000,0.00000,0.00000,0.50000,0.33333,0.41667,12.00000,6.92820,0.00000,0.12104,0.53942,0.00000,0.00000,0.07760,5.65687,0.11336,0.11620,0.44200,0.03901,852,338,240,1,0,0.00000,1.94506,0,0.00000,0.00000,0.00000,-0.49363,-0.86952,5607,Hägglingen,BUS Buchs / Aarau,13.26309,BUS Buchs / Aarau,13.26309,92,120,,7
99439,12650.74609,0.67310,2.50285,0.00519,0.01304,0.86490,0.00021,13.14815,2.62135,6.98480,0.28337,0.82338,6.14349,1.39089,0.05783,2.52527,0.15697,0.10306,0.69814,0.00042,881,338,269,1,1,8.05200,1.58900,0,0.85948,0.63861,4.72096,-0.04515,-0.77565,4310,Rheinfelden,MOE Möhlin,6.44527,MOE Möhlin,6.44527,336,240,,0
156784,6126.00684,0.54276,85.89841,0.02180,0.01475,0.90588,0.00029,13.26798,2.44434,8.54280,0.09046,0.40246,7.64402,3.58271,0.02795,2.90038,0.01695,0.08902,0.39297,0.00000,304,92,120,1,1,8.72000,0.72643,0,0.93115,0.41613,7.49833,-0.33978,-0.72432,5452,Oberrohrdorf,LAE Lägern,8.53075,LAE Lägern,8.53075,92,113,,0
162160,3235.44800,0.94118,6.69580,0.00000,0.50000,0.98639,0.00014,12.76537,1.90318,7.19200,0.14357,1.00000,6.50815,3.94167,0.00000,6.06713,1.00000,0.16499,0.30810,0.00000,153,92,0,1,1,7.78000,0.34118,0,0.87222,0.57553,3.56074,-0.40117,0.00000,5236,Remigen,PSI Würenlingen / PSI,4.17446,PSI Würenlingen / PSI,4.17446,92,0,,6
46962,0.00000,0.00000,0.00000,0.00000,0.50000,0.33333,0.41667,12.00000,6.92820,0.00000,2.01882,1.26317,3.49946,1.80119,-0.04850,6.83395,0.70963,0.33934,9.16194,0.32733,1301,461,420,1,0,0.00000,0.16831,0,0.00000,0.00000,0.00000,-0.06659,0.09196,5330,Bad Zurzach,BEZ Beznau,5.35915,BEZ Beznau,5.35915,461,412,,7
97650,19697.92969,0.66667,27.58699,0.00204,0.00290,0.84074,0.00140,12.63935,2.72594,10.09520,0.13509,1.16849,6.22707,3.50394,0.08286,4.30949,0.02548,0.15496,0.65138,0.00000,912,338,300,1,1,11.97200,1.23016,0,0.96578,0.64018,7.81056,-0.63521,-0.78457,5600,Lenzburg,BUS Buchs / Aarau,8.12646,BUS Buchs / Aarau,8.12646,338,239,,0
107123,12413.68945,0.67383,2.03504,0.00710,0.01303,0.91890,0.00003,13.48005,2.28197,8.96000,0.20106,0.52404,6.50166,1.92616,0.03003,2.33841,0.26430,0.10139,1.23175,0.00000,791,338,240,1,1,9.58400,1.29184,0,0.76180,0.55957,5.26035,-0.11942,-0.22343,5504,Othmarsingen,BUS Buchs / Aarau,10.46537,BUS Buchs / Aarau,10.46537,302,240,,0
119923,33089.26172,0.97593,16.68847,0.27649,0.15062,0.87720,0.00104,12.80031,2.61358,19.46400,0.01742,0.02024,7.66425,0.18875,0.00342,1.04385,0.09343,0.02204,0.11267,0.00000,457,215,120,1,1,19.68400,1.20037,0,0.95091,0.38940,17.45139,-0.41620,-0.73143,5237,Mönthal,PSI Würenlingen / PSI,7.24352,PSI Würenlingen / PSI,7.24352,205,120,,0
63347,28359.94531,0.97008,3.11645,0.07428,0.08644,0.83231,0.00289,12.62163,2.81528,10.05680,0.34099,0.64167,5.95445,0.15236,0.04237,1.66420,0.25190,0.12747,1.77305,0.00000,1270,461,420,1,1,12.35200,1.23981,0,0.68871,0.40235,6.96677,-0.28365,-0.33016,5464,Rümikon AG,LAE Lägern,9.43763,LAE Lägern,9.43763,459,418,,0
150900,9334.60156,0.91018,4.77883,0.02672,0.04141,0.80111,0.00565,12.42524,2.94919,11.13080,0.13324,0.83640,6.78804,0.16012,0.10095,1.71146,0.12944,0.04950,0.86039,0.00000,334,92,120,1,1,12.35200,2.40112,0,0.91627,0.40837,9.79828,-0.21945,-0.55169,5607,Hägglingen,BUS Buchs / Aarau,13.26309,BUS Buchs / Aarau,13.26309,92,120,,0
140406,9126.58203,0.72895,7.08271,0.05227,0.03877,0.93422,0.00137,13.01297,2.27328,10.41000,0.05186,0.85202,5.80952,1.13293,0.06396,2.34872,0.18300,0.05855,0.23817,0.00000,487,215,120,1,1,12.69200,0.53065,0,0.92155,0.54448,6.54413,-0.11162,-0.46824,5607,Hägglingen,BUS Buchs / Aarau,13.26309,BUS Buchs / Aarau,13.26309,168,120,,0
162934,0.00000,0.00000,0.00000,0.00000,0.50000,0.33333,0.41667,12.00000,6.92820,0.00000,1.21861,1.00000,0.00000,0.00000,0.00000,5.72943,1.00000,0.32499,2.53201,0.47535,153,92,0,1,0,0.00000,0.64969,0,0.00000,0.00000,0.00000,-0.34982,0.00000,5614,Sarmenstorf,MOA Mosen,7.60866,MOA Mosen,7.60866,92,0,,12
56950,43898.10547,0.93386,19.55128,0.18262,0.07402,0.92430,0.00057,12.86255,2.38712,13.70000,0.06593,0.68981,7.19717,0.07559,0.11845,0.68278,0.11685,0.04178,0.32873,0.00000,1270,461,420,1,1,15.89600,0.52370,0,0.93207,0.49312,10.71236,-0.47789,-0.71056,5727,Oberkulm,MOA Mosen,10.10572,MOA Mosen,10.10572,450,417,,0
96886,20281.60938,0.69079,85.13372,0.02582,0.01149,0.91593,0.00000,13.22214,2.36923,9.72480,0.39503,0.19684,7.27071,4.73386,-0.02051,2.77266,0.02608,0.21082,1.94551,0.00000,912,338,300,1,1,10.39200,0.39372,0,0.94281,0.54461,7.66459,-0.53649,-0.74071,5074,Eiken,MOE Möhlin,9.19899,MOE Möhlin,9.19899,338,240,,0
155255,10292.54297,0.27695,181.31631,0.04831,0.02142,0.90938,0.00000,12.67892,2.35692,16.96000,0.02481,0.15648,7.70380,3.14375,0.02426,2.71012,0.01217,0.04257,0.21996,0.00000,668,215,240,1,1,19.03200,0.72127,0,0.94209,0.42209,12.66406,-0.72814,-0.51027,5607,Hägglingen,BUS Buchs / Aarau,13.26309,BUS Buchs / Aarau,13.26309,92,120,,0
46967,0.00000,0.00000,0.00000,0.00000,0.50000,0.33333,0.41667,12.00000,6.92820,0.00000,1.34867,1.18792,0.00000,0.00000,-0.00678,5.10993,0.49772,0.36204,2.61804,0.61964,1301,461,420,1,0,0.00000,0.20256,0,0.00000,0.00000,0.00000,-0.16272,-0.30110,5330,Bad Zurzach,BEZ Beznau,5.35915,BEZ Beznau,5.35915,458,416,,7
130680,8903.87695,0.62912,46.59508,0.03692,0.01479,0.88665,0.00001,12.66804,2.48489,6.70920,0.01241,0.09321,7.85581,4.26468,-0.00332,6.84985,0.05279,0.09396,0.06123,0.00000,577,215,179,1,1,7.79600,0.30546,0,0.91575,0.55069,5.22740,-0.26614,-0.35472,4317,Wegenstetten,RUE Rünenberg,8.00254,RUE Rünenberg,8.00254,212,119,,0
46968,0.00000,0.00000,0.00000,0.00000,0.50000,0.33333,0.41667,12.00000,6.92820,0.00000,2.32025,0.90772,0.00054,0.00328,-0.00510,6.75247,0.84596,0.26832,7.80556,0.52895,1301,461,420,1,0,0.00000,0.32710,0,0.00000,0.00000,0.00000,-0.11408,-0.03710,5330,Bad Zurzach,BEZ Beznau,5.35915,BEZ Beznau,5.35915,457,417,,7
106873,13121.17773,0.68331,10.42537,0.03025,0.01434,0.92039,0.00030,13.17870,2.32613,8.60640,0.34553,0.15308,6.31399,3.49307,-0.07251,3.53115,0.19939,0.20650,0.93871,0.00000,821,338,240,1,1,10.02000,0.37195,0,0.87732,0.64431,5.24559,-0.13970,-0.12574,4310,Rheinfelden,MOE Möhlin,6.44527,MOE Möhlin,6.44527,326,158,,0
150906,1020.77600,0.66168,1.70039,0.00861,0.03933,0.96360,0.00014,13.20825,1.95893,3.00000,0.18917,0.57787,4.68207,0.07628,0.03685,1.98180,0.12361,0.16048,0.50730,0.00000,334,92,120,1,1,3.62000,0.83205,0,0.62124,0.69797,1.13816,-0.32999,-0.72105,5075,Hornussen,BUS Buchs / Aarau,13.08678,BUS Buchs / Aarau,13.08678,92,120,,0
174202,0.00000,0.00000,0.00000,0.00000,0.50000,0.33333,0.41667,12.00000,6.92820,0.00000,1.73239,1.00000,0.00000,0.00000,0.00000,12.00000,1.00000,0.33333,1.90443,0.76007,31,31,0,1,0,0.00000,3.91744,0,0.00000,0.00000,0.00000,0.00000,0.00000,5236,Remigen,PSI Würenlingen / PSI,4.17446,PSI Würenlingen / PSI,4.17446,9,0,,18
146811,7160.87305,0.88636,17.91513,0.03437,0.04909,0.88697,0.00119,13.92188,2.24952,9.60800,0.55072,0.37407,5.85950,3.28159,0.01924,8.93891,0.03716,0.29058,0.56505,0.00000,396,154,120,1,1,10.11200,0.81561,0,0.90042,0.52820,5.93596,-0.15262,-0.90248,4324,Obermumpf,MOE Möhlin,6.71235,MOE Möhlin,6.71235,121,120,,0
93564,0.00000,0.00000,0.00000,0.00000,0.50000,0.33333,0.41667,12.00000,6.92820,0.00000,2.51094,1.34131,0.44890,0.78446,-0.00219,5.95997,0.52397,0.33514,5.94153,0.56853,1004,338,361,1,0,0.00000,1.36265,0,0.00000,0.00000,0.00000,0.23061,-0.44684,5426,Lengnau AG,LAE Lägern,7.25748,LAE Lägern,7.25748,179,122,,7
106365,13484.19727,0.73957,40.78714,0.00560,0.00569,0.91077,0.00070,13.37831,2.30197,10.24800,0.45738,0.40708,5.44377,0.33632,-0.00101,1.22318,0.02397,0.19042,1.26465,0.00000,791,338,240,1,1,12.08000,0.51134,0,0.87575,0.61555,5.66577,-0.41352,-0.64913,5504,Othmarsingen,BUS Buchs / Aarau,10.46537,BUS Buchs / Aarau,10.46537,329,239,,0
124797,0.00000,0.00000,0.00000,0.00000,0.50000,0.33333,0.41667,12.00000,6.92820,0.00000,2.70802,1.98670,4.02326,4.77624,-0.00990,8.58364,5.09883,0.39149,6.78680,0.16800,577,215,179,1,0,0.00000,0.07376,0,0.00000,0.00000,0.00000,0.20612,0.04226,4313,Möhlin,MOE Möhlin,2.26388,MOE Möhlin,2.26388,214,145,,7
159613,0.00000,0.00000,0.00000,0.00000,0.50000,0.33333,0.41667,12.00000,6.92820,0.00000,0.73123,0.76517,0.00000,0.00000,-0.02352,7.48539,0.11655,0.32913,0.92338,0.50773,212,92,59,1,0,0.00000,0.66489,0,0.00000,0.00000,0.00000,-0.46656,-0.98787,5070,Frick,MOE Möhlin,12.34444,MOE Möhlin,12.34444,92,39,,7
95357,0.00000,0.00000,0.00000,0.00000,0.50000,0.33333,0.41667,12.00000,6.92820,0.00000,3.26016,1.58401,0.00000,0.00000,-0.05247,7.48054,0.32501,0.49624,6.75588,0.52744,974,338,331,1,0,0.00000,1.48787,0,0.00000,0.00000,0.00000,-0.03002,-0.55868,5304,Endingen,PSI Würenlingen / PSI,4.61373,PSI Würenlingen / PSI,4.61373,338,318,,7
159614,8460.99707,0.87736,479.94965,17.19221,0.05999,0.80431,0.00009,12.99844,2.90493,9.76000,0.41058,2.04848,7.76630,7.76432,0.26194,4.79185,0.56127,0.11649,1.75311,0.00000,212,92,59,1,1,10.37600,0.00806,0,0.93604,0.30784,9.41904,-0.44879,0.09146,5070,Frick,MOE Möhlin,12.34444,MOE Möhlin,12.34444,92,39,,0
91774,86948.85938,0.96215,19.69885,0.20527,0.09265,0.82203,0.00351,12.67817,2.85046,30.72020,0.01221,0.34077,7.73817,0.18249,0.05570,0.93296,0.10205,0.01282,0.06225,0.00000,1004,338,361,1,1,34.16800,1.74200,0,0.97123,0.43738,27.70825,-0.37550,-0.84368,5105,Auenstein,BUS Buchs / Aarau,5.31670,BUS Buchs / Aarau,5.31670,338,360,,0
62847,31548.55273,0.88819,3.86822,0.30650,0.12711,0.84592,0.00039,11.96615,2.54935,8.67420,0.02510,0.40402,7.23854,0.02047,0.05536,1.56087,0.54414,0.02347,0.13915,0.00000,1270,461,420,1,1,9.20400,0.61016,0,0.94352,0.52105,7.03312,-0.53570,-0.29768,8962,Bergdietikon,UEB Uetliberg,9.28304,LAE Lägern,10.61436,455,419,,0
131712,12945.39258,0.76641,23.61232,0.01839,0.01847,0.85318,0.00007,11.60071,2.25347,11.35960,0.10157,0.86335,6.94186,3.59725,0.04610,4.15060,0.04140,0.19200,0.48808,0.00000,518,215,120,1,1,12.48000,0.64688,0,0.92583,0.62433,7.06080,-0.48247,-0.82605,5108,Oberflachs,BUS Buchs / Aarau,6.89973,BUS Buchs / Aarau,6.89973,215,120,,0
167808,0.00000,0.00000,0.00000,0.00000,0.50000,0.33333,0.41667,12.00000,6.92820,0.00000,1.98673,1.00000,3.82337,4.18478,0.00000,4.52875,1.00000,0.37083,6.80102,0.87483,122,92,0,1,0,0.00000,0.05645,0,0.00000,0.00000,0.00000,-0.12906,0.00000,5322,Koblenz,LEI Leibstadt,4.37189,LEI Leibstadt,4.37189,92,0,,12
128897,5232.87012,0.86264,123.72630,44.84981,0.13053,0.85291,0.00004,14.09926,2.42227,3.14360,0.03975,0.58243,7.99767,6.39530,0.09276,2.57209,2.41468,0.03101,0.02442,0.00000,546,215,148,1,1,3.40400,0.00404,0,0.77210,0.38677,2.35280,0.12160,-0.02357,4317,Wegenstetten,RUE Rünenberg,8.00254,RUE Rünenberg,8.00254,214,120,,0
163457,0.00000,0.00000,0.00000,0.00000,0.50000,0.33333,0.41667,12.00000,6.92820,0.00000,1.72751,1.00000,0.00000,0.00000,0.00000,6.84260,1.00000,0.33509,3.48727,0.37788,153,92,0,1,0,0.00000,0.67985,0,0.00000,0.00000,0.00000,-0.20202,0.00000,5070,Frick,MOE Möhlin,12.34444,MOE Möhlin,12.34444,89,0,,12
167809,0.00000,0.00000,0.00000,0.00000,0.50000,0.33333,0.41667,12.00000,6.92820,0.00000,0.24415,1.00000,0.17391,0.36957,0.00000,6.31776,1.00000,0.20008,0.47285,0.15100,122,92,0,1,0,0.00000,0.16817,0,0.00000,0.00000,0.00000,-0.32052,0.00000,5322,Koblenz,LEI Leibstadt,4.37189,LEI Leibstadt,4.37189,92,0,,12
147332,5624.91895,0.90657,2.97890,0.05610,0.13266,0.87419,0.00015,13.51511,2.51873,6.98520,0.09392,0.47245,6.61000,0.02869,0.06905,1.36763,0.12312,0.05928,0.43837,0.00000,396,154,120,1,1,8.03600,1.25642,0,0.63326,0.27234,4.09936,-0.10951,-0.66618,5620,Bremgarten AG,UEB Uetliberg,12.11832,MOA Mosen,14.34987,124,120,,0
115589,12632.50586,0.38110,63.84431,0.32723,0.05343,0.88560,0.00003,12.66426,2.50681,7.58800,0.87712,0.52994,7.52408,5.36082,0.04331,3.78595,0.09081,0.09620,0.99359,0.00000,1270,461,420,1,1,7.73200,0.12270,0,0.95404,0.52856,6.40803,-0.26477,-0.33119,8962,Bergdietikon,UEB Uetliberg,9.28304,LAE Lägern,10.61436,217,239,,0
123269,17035.07812,0.65204,233.65936,0.08890,0.02877,0.96764,0.00001,13.20625,2.00157,13.38640,0.21351,0.47020,7.48605,5.38724,0.04690,2.74884,0.01284,0.17292,1.37004,0.00000,638,215,240,1,1,15.09200,0.35611,0,0.95055,0.57789,8.41109,-0.76947,-0.38687,5078,Effingen,PSI Würenlingen / PSI,9.81598,PSI Würenlingen / PSI,9.81598,215,174,,0
127621,11441.31738,0.83398,30.51609,0.05613,0.03177,0.85962,0.00008,11.99340,2.45660,9.59300,5.24657,0.57700,5.26512,5.74078,-0.11348,4.93133,0.05606,0.43462,23.36809,0.48936,518,215,120,1,1,9.78800,0.29775,0,0.74843,0.49348,6.09977,-0.00135,-0.12256,5027,Herznach,BUS Buchs / Aarau,9.99514,BUS Buchs / Aarau,9.99514,213,119,,0
137605,4903.62012,0.66083,99.61820,0.03639,0.04169,0.97877,0.00005,12.96754,1.92870,5.69900,0.19234,0.46789,7.78222,4.80747,-0.00022,11.68359,0.00840,0.26639,0.87567,0.00000,457,215,120,1,1,6.36000,0.28312,0,0.92149,0.59596,3.02854,-0.20101,-0.71377,5107,Schinznach Dorf,BUS Buchs / Aarau,8.79924,BUS Buchs / Aarau,8.79924,193,120,,0
36229,0.00000,0.00000,0.00000,0.00000,0.50000,0.33333,0.41667,12.00000,6.92820,0.00000,1.65495,1.92230,0.00000,0.00000,-0.01601,5.69324,0.78933,0.34245,3.73986,0.81095,1301,461,420,1,0,0.00000,0.19862,0,0.00000,0.00000,0.00000,-0.15019,0.04903,5443,Niederrohrdorf,LAE Lägern,9.90641,LAE Lägern,9.90641,458,420,,7
120966,6015.92090,0.89028,1.32609,0.13073,0.20430,0.84862,0.00006,12.31389,2.62922,4.86880,0.37152,0.29783,5.13023,0.00649,0.01040,1.77590,0.38394,0.11232,1.04052,0.00000,638,215,240,1,1,5.43200,0.83148,0,0.42790,0.40810,2.32377,-0.10941,-0.20576,4303,Kaiseraugst,STC St. Chrischona,5.73753,MOE Möhlin,10.99251,209,217,,0
36230,0.00000,0.00000,0.00000,0.00000,0.50000,0.33333,0.41667,12.00000,6.92820,0.00000,1.80639,15.92075,0.00000,0.00000,0.07057,6.38768,0.16241,0.36639,6.35202,0.19664,1301,461,420,1,0,0.00000,1.23193,0,0.00000,0.00000,0.00000,-0.31558,-0.35227,5443,Niederrohrdorf,LAE Lägern,9.90641,LAE Lägern,9.90641,456,419,,7
120967,10171.81250,0.92320,4.19282,0.24717,0.18379,0.84863,0.00020,12.22822,2.62060,5.26480,1.19494,0.48594,6.85349,0.06899,0.01529,1.40999,0.26180,0.11386,12.03661,0.00000,638,215,240,1,1,5.70400,0.60444,0,0.77541,0.37602,3.98749,0.10184,-0.28766,4303,Kaiseraugst,STC St. Chrischona,5.73753,MOE Möhlin,10.99251,209,217,,0
147591,2925.83105,0.35101,87.26136,0.00387,0.00602,0.91156,0.00000,13.17373,2.38434,5.72240,0.12232,0.43317,7.86667,3.72568,0.01526,3.20667,0.00734,0.11790,0.45868,0.00000,396,154,120,1,1,6.58400,0.54817,0,0.94151,0.51312,4.28739,-0.51224,-0.84844,4313,Möhlin,MOE Möhlin,2.26388,MOE Möhlin,2.26388,84,100,,0
87431,8266.74512,0.94197,10.67900,0.03877,0.02484,0.84458,0.03898,12.94042,3.06554,5.25700,0.64529,0.61846,4.75222,0.00123,0.01601,1.57712,0.14250,0.21142,2.35864,0.00000,1034,338,361,1,1,6.33200,0.23624,0,0.61234,0.53446,3.08317,-0.14704,-0.18108,5332,Rekingen AG,BEZ Beznau,6.71303,BEZ Beznau,6.71303,338,361,,0
92041,0.00000,0.00000,0.00000,0.00000,0.50000,0.33333,0.41667,12.00000,6.92820,0.00000,0.92485,0.99951,0.00000,0.00000,-0.01869,4.74244,0.26657,0.33013,1.19204,0.47483,1035,338,361,1,0,0.00000,1.38082,0,0.00000,0.00000,0.00000,-0.20745,-0.93056,5074,Eiken,MOE Möhlin,9.19899,MOE Möhlin,9.19899,336,349,,7
114315,296.19699,0.52466,0.07602,0.00072,0.06943,1.00000,0.00000,12.53279,1.29653,0.43600,0.43573,0.78197,3.60022,0.00000,0.03150,1.31911,0.12738,0.19155,1.34824,0.00057,730,277,240,1,1,0.49200,1.29743,0,0.81852,0.70606,0.10712,-0.49382,-0.95747,4303,Kaiseraugst,STC St. Chrischona,5.73753,MOE Möhlin,10.99251,226,236,,0
170123,3783.59399,0.96721,1053.63245,0.00000,0.50000,0.88171,0.00000,12.90951,2.55327,11.31080,1.81919,1.00000,7.94068,7.93103,0.00000,9.20690,1.00000,0.07989,3.23173,0.00000,61,61,0,1,1,11.46800,0.00255,0,0.96798,0.31438,9.36439,0.04972,0.00000,5425,Schneisingen,LAE Lägern,5.61583,LAE Lägern,5.61583,58,0,,6
98955,14967.00488,0.80250,79.06860,0.21292,0.03556,0.86350,0.00004,13.01325,2.63682,7.07100,0.42314,0.13490,7.22485,6.13935,-0.01892,3.50477,0.07303,0.23921,1.54741,0.00000,881,338,269,1,1,9.16000,0.09935,0,0.88945,0.56081,5.08785,-0.25889,-0.06017,4303,Kaiseraugst,STC St. Chrischona,5.73753,MOE Möhlin,10.99251,332,240,,0
54412,13318.35352,0.79134,14.71281,0.12361,0.12073,0.86926,0.00010,13.96771,2.40323,4.28000,0.24946,0.55713,7.37419,2.03009,0.02584,0.92657,0.06119,0.12272,1.70487,0.00000,1270,461,420,1,1,4.83200,0.36073,0,0.87171,0.52171,3.01878,-0.43839,-0.72774,5452,Oberrohrdorf,LAE Lägern,8.53075,LAE Lägern,8.53075,456,410,,0
70028,20775.84180,0.74724,9.75600,0.01318,0.01216,0.87830,0.00027,12.94478,2.54650,9.70440,1.75590,0.85803,5.85317,3.23048,-0.02647,3.76946,0.10979,0.30047,10.57393,0.00000,1270,461,420,1,1,10.34400,0.60069,0,0.55687,0.58271,5.79820,-0.08920,-0.59141,5600,Lenzburg,BUS Buchs / Aarau,8.12646,BUS Buchs / Aarau,8.12646,455,418,,0
156301,7561.72021,0.66118,420.73676,0.25443,0.02989,0.85222,0.00009,12.74228,2.67185,9.56080,0.21746,0.66865,7.85326,5.86504,0.09815,5.53261,0.01962,0.04882,0.97013,0.00000,304,92,120,1,1,9.74400,0.13579,0,0.96528,0.38170,8.75862,-0.55661,-0.30072,4313,Möhlin,MOE Möhlin,2.26388,MOE Möhlin,2.26388,92,120,,0
164493,0.00000,0.00000,0.00000,0.00000,0.50000,0.33333,0.41667,12.00000,6.92820,0.00000,12.23931,1.00000,0.04620,0.82422,0.00000,8.79447,1.00000,0.43933,14.20238,6.10319,153,92,0,1,0,0.00000,1.19321,0,0.00000,0.00000,0.00000,-0.08414,0.00000,5236,Remigen,PSI Würenlingen / PSI,4.17446,PSI Würenlingen / PSI,4.17446,92,0,,12
96653,12061.23535,0.57346,7.23913,0.19760,0.05784,0.99589,0.00006,12.85564,1.67573,8.93200,0.57161,0.45242,5.39837,4.71127,-0.00302,3.27215,0.44460,0.32499,3.32918,0.00000,912,338,300,1,1,9.61200,0.19213,0,0.69694,0.75551,3.48175,-0.25075,-0.01537,5305,Unterendingen,BEZ Beznau,4.79081,BEZ Beznau,4.79081,335,240,,0
107150,17135.09375,0.65164,14.60101,0.04913,0.03595,0.85087,0.00042,12.64753,2.67024,9.60080,0.49534,0.39299,6.99736,2.28019,0.03212,1.88038,0.09023,0.14142,2.78593,0.00000,821,338,240,1,1,10.66000,0.55366,0,0.79877,0.51556,7.36825,-0.17584,-0.30026,5522,Tägerig,LAE Lägern,12.75563,LAE Lägern,12.75563,280,236,,0
94862,14068.27051,0.76564,24.81490,0.01197,0.01314,0.93588,0.00032,13.26371,2.25910,7.50520,0.14264,0.47794,6.46142,0.07862,0.04569,0.95603,0.03623,0.12381,0.66952,0.00000,943,338,331,1,1,8.09600,0.63125,0,0.95400,0.63407,5.28021,-0.62746,-0.71281,5304,Endingen,PSI Würenlingen / PSI,4.61373,PSI Würenlingen / PSI,4.61373,337,325,,0
169871,3416.32300,0.98361,292.14322,0.00000,0.50000,0.88543,0.00018,12.65260,2.53594,9.05320,0.05659,1.00000,7.90000,7.82627,0.00000,3.98983,1.00000,0.05374,0.41640,0.00000,61,61,0,1,1,9.09600,0.00817,0,0.95793,0.30179,8.33478,-0.42098,0.00000,5322,Koblenz,LEI Leibstadt,4.37189,LEI Leibstadt,4.37189,59,0,,6
150672,7958.55371,0.88024,45.54237,0.00975,0.00966,0.85034,0.00123,12.61094,2.64689,12.68040,0.57727,0.58101,6.78804,3.14940,0.01933,3.71310,0.02195,0.23235,3.94783,0.00000,334,92,120,1,1,13.40000,1.17773,0,0.75112,0.44487,9.28555,-0.07098,-0.62877,5607,Hägglingen,BUS Buchs / Aarau,13.26309,BUS Buchs / Aarau,13.26309,92,120,,0
153488,5456.46387,0.64803,97.30975,0.08795,0.04382,0.90000,0.00011,13.11189,2.46460,8.64440,0.15002,0.43814,7.55163,3.94896,0.01062,2.63983,0.01972,0.12552,0.54359,0.00000,304,92,120,1,1,9.71200,0.42434,0,0.94242,0.51519,6.09818,-0.47583,-0.54899,5745,Safenwil,GOE Gösgen,4.74786,GOE Gösgen,4.74786,91,120,,0
144017,7837.32910,0.47763,19.64831,0.29849,0.11682,0.89410,0.00020,12.08146,2.30909,7.07600,0.15085,0.30241,7.01452,0.39268,0.02751,1.26498,0.11485,0.08620,0.82091,0.00000,760,307,240,1,1,7.66000,0.26730,0,0.93653,0.50086,5.26976,-0.59185,-0.60843,5076,Bözen,PSI Würenlingen / PSI,11.41022,PSI Würenlingen / PSI,11.41022,154,120,,0
54162,23365.49023,0.97087,8.55995,0.22426,0.07218,0.88243,0.01913,12.92255,2.72785,8.03020,0.43274,0.58323,7.04891,3.50788,0.03575,3.64534,0.33674,0.12707,1.61095,0.00000,1270,461,420,1,1,9.17200,0.29791,0,0.86943,0.54173,5.87349,0.02477,-0.01968,4310,Rheinfelden,MOE Möhlin,6.44527,MOE Möhlin,6.44527,458,418,,0
76690,30659.07617,0.83071,0.69262,0.08661,0.15128,0.93127,0.00000,12.74622,2.27202,11.42480,0.20164,0.58313,3.84728,0.00000,0.04844,1.38353,0.70154,0.08663,0.93547,0.00281,1270,461,420,1,1,13.30000,2.95707,0,0.81722,0.54077,6.66794,-0.32536,-0.22348,5443,Niederrohrdorf,LAE Lägern,9.90641,LAE Lägern,9.90641,457,360,,0
65427,54550.65625,0.65433,622.81085,0.02382,0.00928,0.80847,0.00001,12.54938,2.84367,15.70080,0.02846,0.36230,7.95011,5.22646,0.03371,11.79423,0.00408,0.07202,0.18375,0.00000,1270,461,420,1,1,16.54000,0.52499,0,0.97112,0.54788,14.84727,-0.28873,-0.72393,8962,Bergdietikon,UEB Uetliberg,9.28304,LAE Lägern,10.61436,456,416,,0
72083,29410.79688,0.62147,6.52863,0.00498,0.00615,0.89795,0.00083,13.53878,2.39737,12.22320,0.38856,0.62253,5.63829,0.08354,0.04457,1.75120,0.12325,0.09797,3.13674,0.00000,1239,461,389,1,1,14.36800,1.19531,0,0.64240,0.53880,8.14418,-0.15006,-0.74379,5452,Oberrohrdorf,LAE Lägern,8.53075,LAE Lägern,8.53075,459,379,,0
75923,31331.77344,0.78268,61.72872,0.01444,0.01025,0.93014,0.00044,13.28399,2.30720,12.52680,0.25847,0.67388,6.70469,4.03175,0.00672,3.66891,0.02260,0.22518,1.09776,0.00000,1270,461,420,1,1,14.46800,0.65873,0,0.96289,0.68145,8.50722,-0.52124,-0.71202,4310,Rheinfelden,MOE Möhlin,6.44527,MOE Möhlin,6.44527,457,361,,0
60564,0.00000,0.00000,0.00000,0.00000,0.50000,0.33333,0.41667,12.00000,6.92820,0.00000,1.37278,0.90124,0.00000,0.00000,-0.01441,7.41429,0.37541,0.31431,2.41174,0.62253,1301,461,420,1,0,0.00000,0.79262,0,0.00000,0.00000,0.00000,-0.22016,-0.60539,8962,Bergdietikon,UEB Uetliberg,9.28304,LAE Lägern,10.61436,458,417,,7
120725,11787.77637,0.63950,552.00812,0.03798,0.02032,0.89399,0.00000,12.35034,2.39487,7.64360,0.92197,0.44164,7.83140,4.42235,0.01462,5.52846,0.00332,0.15537,4.60947,0.00000,638,215,240,1,1,8.26800,0.35996,0,0.96835,0.49247,5.89295,-0.56616,-0.65226,5235,Rüfenach AG,PSI Würenlingen / PSI,3.91803,PSI Würenlingen / PSI,3.91803,215,233,,0
163477,9977.02734,0.45752,20.49685,0.00000,0.50000,0.79659,0.00226,12.33139,2.91572,22.20000,0.00593,1.00000,7.87500,0.51071,0.00000,1.18223,1.00000,0.00571,0.00877,0.00000,153,92,0,1,1,22.64400,0.28978,0,0.96797,0.25319,20.40588,-0.55251,0.00000,5322,Koblenz,LEI Leibstadt,4.37189,LEI Leibstadt,4.37189,69,0,,6
102550,84414.17969,0.87942,7.60465,0.17754,0.10682,0.85046,0.00130,12.51334,2.69164,35.81720,0.08476,0.35399,7.20948,0.37668,0.04740,1.73841,0.19522,0.03049,0.25275,0.00000,821,338,240,1,1,38.53600,2.54791,0,0.85615,0.45371,32.15818,-0.22514,-0.58827,5622,Waltenschwil,MOA Mosen,11.13299,MOA Mosen,11.13299,280,237,,0
115607,11124.52246,0.91273,1.91745,0.06595,0.09841,0.83994,0.00166,12.44156,2.76713,7.02160,1.11132,0.69125,5.91163,0.08296,-0.00418,1.40637,0.31512,0.20464,5.74821,0.00000,699,246,240,1,1,8.07200,1.25775,0,0.85059,0.42246,5.09451,-0.17776,-0.62156,5506,Mägenwil,BUS Buchs / Aarau,11.91100,BUS Buchs / Aarau,11.91100,215,240,,0
145815,0.00000,0.00000,0.00000,0.00000,0.50000,0.33333,0.41667,12.00000,6.92820,0.00000,0.46907,0.81038,0.00000,0.00000,-0.00501,4.86863,0.36648,0.29398,0.97739,0.20195,426,184,120,1,0,0.00000,1.72361,0,0.00000,0.00000,0.00000,0.07872,-0.28302,5316,Leuggern,LEI Leibstadt,2.65713,LEI Leibstadt,2.65713,138,120,,7
147351,4288.62891,0.41162,270.92996,0.06217,0.05107,0.94456,0.00000,12.17282,2.06621,9.40440,0.55640,0.32428,7.79276,4.27092,0.01113,5.65753,0.00426,0.13177,1.13609,0.00000,396,154,120,1,1,9.74800,0.39524,0,0.90866,0.35559,6.23663,-0.15955,-0.57389,4313,Möhlin,MOE Möhlin,2.26388,MOE Möhlin,2.26388,72,101,,0
156311,9360.14062,0.76645,15.29134,0.14972,0.05886,0.74614,0.00951,12.20467,3.15979,10.96120,0.03536,0.29721,7.49457,0.26151,0.05008,1.16362,0.15657,0.02637,0.26994,0.00000,304,92,120,1,1,12.78800,0.86723,0,0.86681,0.30358,10.50143,-0.43444,-0.66449,4325,Schupfart,MOE Möhlin,9.38430,MOE Möhlin,9.38430,92,85,,0
98200,15355.94434,0.66402,96.40596,0.01656,0.01337,0.93614,0.00002,13.51893,2.10901,11.35920,2.11381,0.28917,7.06306,4.68545,-0.12523,2.54028,0.01267,0.38996,11.17061,0.00000,881,338,269,1,1,13.14400,0.46204,0,0.78313,0.58677,5.82761,-0.07680,-0.35004,5225,Bözberg,PSI Würenlingen / PSI,8.05011,PSI Würenlingen / PSI,8.05011,334,238,,0
103833,21726.91406,0.76233,62.90325,0.25328,0.12648,0.92886,0.00004,12.92912,2.30371,10.30800,0.25036,0.15397,7.33707,4.14642,-0.00538,7.31063,0.02781,0.14058,1.41263,0.00000,791,338,240,1,1,10.66000,0.38689,0,0.85436,0.52784,7.80370,-0.21293,-0.54672,5225,Bözberg,PSI Würenlingen / PSI,8.05011,PSI Würenlingen / PSI,8.05011,288,239,,0
95385,0.00000,0.00000,0.00000,0.00000,0.50000,0.33333,0.41667,12.00000,6.92820,0.00000,4.34963,6.94379,1.26109,2.56284,0.01292,7.48066,0.72444,0.46492,13.69593,0.70755,943,338,331,1,0,0.00000,0.11683,0,0.00000,0.00000,0.00000,-0.01190,0.16079,5304,Endingen,PSI Würenlingen / PSI,4.61373,PSI Würenlingen / PSI,4.61373,338,318,,7
117402,0.00000,0.00000,0.00000,0.00000,0.50000,0.33333,0.41667,12.00000,6.92820,0.00000,1.67151,1.15764,0.00000,0.00000,-0.01424,6.53333,0.36678,0.36286,2.75810,0.60740,699,215,240,1,0,0.00000,0.97823,0,0.00000,0.00000,0.00000,-0.11396,-0.70701,8962,Bergdietikon,UEB Uetliberg,9.28304,LAE Lägern,10.61436,214,238,,7
140443,0.00000,0.00000,0.00000,0.00000,0.50000,0.33333,0.41667,12.00000,6.92820,0.00000,1.45020,0.55081,7.90774,7.87500,0.00000,12.88095,0.46405,0.33333,0.00000,0.00000,426,184,120,1,0,0.00000,0.00114,0,0.00000,0.00000,0.00000,0.05692,-0.31528,5607,Hägglingen,BUS Buchs / Aarau,13.26309,BUS Buchs / Aarau,13.26309,168,120,,9
88219,14631.78418,0.94874,4.15837,0.12684,0.11053,0.82165,0.00046,13.88982,2.70174,7.09540,0.35438,0.45763,5.98447,0.09531,0.02682,1.53352,0.24545,0.12800,1.62216,0.00000,1034,338,361,1,1,7.76800,0.63741,0,0.74117,0.45076,4.55375,-0.19169,-0.43249,4310,Rheinfelden,MOE Möhlin,6.44527,MOE Möhlin,6.44527,337,361,,0
140444,0.00000,0.00000,0.00000,0.00000,0.50000,0.33333,0.41667,12.00000,6.92820,0.00000,3.55162,1.53636,0.00000,0.00000,-0.08595,4.39081,1.45807,0.63980,8.02038,0.45557,426,184,120,1,0,0.00000,0.39833,0,0.00000,0.00000,0.00000,0.56061,-0.19945,5607,Hägglingen,BUS Buchs / Aarau,13.26309,BUS Buchs / Aarau,13.26309,168,120,,7
116381,19512.86719,0.95210,8.88381,0.07383,0.06193,0.80630,0.00142,12.67056,2.90319,10.46480,0.04925,0.45135,7.37907,0.08896,0.06844,1.05306,0.12588,0.03849,0.28223,0.00000,668,215,240,1,1,12.00800,1.16656,0,0.93894,0.38931,9.36328,-0.48338,-0.85847,4322,Mumpf,MOE Möhlin,4.27396,MOE Möhlin,4.27396,215,240,,0
95133,11959.54199,0.72004,13.14875,0.23082,0.06210,0.90797,0.00649,13.46724,2.50323,7.81300,0.49858,1.25557,7.06287,2.84305,0.03323,4.26845,0.26512,0.14667,2.79515,0.00000,943,338,331,1,1,8.48400,0.15554,0,0.55166,0.62905,3.76184,-0.21384,-0.04293,5304,Endingen,PSI Würenlingen / PSI,4.61373,PSI Würenlingen / PSI,4.61373,337,322,,0
128926,11355.13379,0.69884,12.43795,0.01988,0.02525,0.93188,0.00004,13.86899,1.98053,11.83520,0.58627,0.30768,4.16977,0.00295,-0.02346,1.49497,0.06170,0.22421,2.24285,0.00000,518,215,120,1,1,13.99200,0.58904,0,0.71459,0.63648,5.47693,-0.28454,-0.56339,5620,Bremgarten AG,UEB Uetliberg,12.11832,MOA Mosen,14.34987,215,120,,0
141982,8838.45020,0.69953,114.65169,0.01441,0.01056,0.90974,0.00026,13.31395,2.39736,8.64880,0.15520,0.36403,7.47807,4.49757,-0.01815,5.78799,0.01177,0.20562,0.80943,0.00000,426,184,120,1,1,9.95200,0.42911,0,0.91439,0.47718,6.41984,-0.42636,-0.81823,4313,Möhlin,MOE Möhlin,2.26388,MOE Möhlin,2.26388,171,120,,0
18846,0.00000,0.00000,0.00000,0.00000,0.50000,0.33333,0.41667,12.00000,6.92820,0.00000,0.41866,8.15755,6.80525,6.46868,0.03569,10.70485,0.29069,0.33235,1.04136,0.17026,1270,461,420,1,0,0.00000,0.07157,0,0.00000,0.00000,0.00000,0.04169,-0.85492,5305,Unterendingen,BEZ Beznau,4.79081,BEZ Beznau,4.79081,456,420,,7
104095,0.00000,0.00000,0.00000,0.00000,0.50000,0.33333,0.41667,12.00000,6.92820,0.00000,0.96335,1.01674,0.00000,0.00000,0.01760,2.50649,0.24440,0.32255,1.66184,0.32311,883,338,240,1,0,0.00000,3.25502,0,0.00000,0.00000,0.00000,-0.42116,-0.88631,5706,Boniswil,MOA Mosen,8.10837,MOA Mosen,8.10837,329,240,,7
141983,0.00000,0.00000,0.00000,0.00000,0.50000,0.33333,0.41667,12.00000,6.92820,0.00000,1.53861,1.02456,0.00000,0.00000,0.00322,6.23441,0.17504,0.29833,3.45458,0.56720,426,184,120,1,0,0.00000,2.08741,0,0.00000,0.00000,0.00000,-0.22319,-0.48270,5107,Schinznach Dorf,BUS Buchs / Aarau,8.79924,BUS Buchs / Aarau,8.79924,171,119,,7
166047,8219.90430,0.87705,318.76303,0.00000,0.50000,0.82828,0.00005,12.59490,2.75483,14.14280,0.52856,1.00000,7.66848,7.93224,0.00000,4.52174,1.00000,0.11070,2.29637,0.00000,122,92,0,1,1,15.04400,0.01116,0,0.93805,0.36037,11.68259,-0.13930,0.00000,4312,Magden,MOE Möhlin,7.80199,MOE Möhlin,7.80199,92,0,,6
69791,19208.23047,0.76850,13.72101,0.04600,0.04329,0.88555,0.00006,13.66002,2.39626,8.39020,0.34278,0.29040,6.79067,3.37480,-0.02450,2.79959,0.07410,0.18706,1.43759,0.00000,1270,461,420,1,1,9.33200,0.53159,0,0.70949,0.54264,5.02271,-0.11788,-0.37622,5106,Veltheim AG,BUS Buchs / Aarau,7.15332,BUS Buchs / Aarau,7.15332,459,417,,0
73119,0.00000,0.00000,0.00000,0.00000,0.50000,0.33333,0.41667,12.00000,6.92820,0.00000,1.64824,1.85270,0.00000,0.00000,0.00013,8.18666,0.94589,0.38667,3.29308,0.64934,1270,461,389,1,0,0.00000,0.39046,0,0.00000,0.00000,0.00000,0.11403,-0.06743,4310,Rheinfelden,MOE Möhlin,6.44527,MOE Möhlin,6.44527,458,367,,7
152736,11657.33301,0.82335,80.82554,0.08910,0.03947,0.82711,0.00012,12.98824,2.81056,14.21800,0.01320,0.18265,7.75815,3.69274,0.01564,3.81465,0.02683,0.04759,0.06572,0.00000,334,92,120,1,1,16.35200,0.73933,0,0.92822,0.41815,12.26956,-0.28996,-0.44972,4313,Möhlin,MOE Möhlin,2.26388,MOE Möhlin,2.26388,92,120,,0
36513,0.00000,0.00000,0.00000,0.00000,0.50000,0.33333,0.41667,12.00000,6.92820,0.00000,1.54512,0.18255,0.00000,0.00000,-0.05077,5.20630,0.27284,0.29186,3.13880,0.43826,1301,461,420,1,0,0.00000,1.03065,0,0.00000,0.00000,0.00000,-0.06473,-0.68747,5443,Niederrohrdorf,LAE Lägern,9.90641,LAE Lägern,9.90641,455,419,,7
60065,15775.09375,0.60551,6.70650,0.00173,0.00305,0.91839,0.00052,13.35821,2.30570,7.61640,0.18094,0.55667,6.50599,2.99961,0.04073,2.80849,0.08436,0.14990,0.56304,0.00000,1270,461,420,1,1,8.98000,1.06995,0,0.89367,0.66431,4.68047,-0.19429,-0.49327,8962,Bergdietikon,UEB Uetliberg,9.28304,LAE Lägern,10.61436,458,419,,0
104098,18323.99219,0.85915,1.13372,0.02948,0.10765,0.90928,0.00001,12.61901,2.31534,10.33040,0.24327,0.77995,5.33654,0.00126,0.08550,1.08224,0.21555,0.11296,0.99646,0.00000,852,338,240,1,1,11.27600,3.32833,0,0.87553,0.56391,6.45017,-0.51601,-0.82855,5706,Boniswil,MOA Mosen,8.10837,MOA Mosen,8.10837,329,239,,0
152738,6162.00098,0.64072,6.57565,0.01568,0.01338,0.89862,0.00039,12.97261,2.44407,10.72600,1.37731,0.33074,6.92120,0.78548,-0.04700,1.25699,0.17577,0.19733,8.82914,0.00000,334,92,120,1,1,12.29600,0.87981,0,0.70878,0.31800,6.93771,0.06664,-0.46675,4313,Möhlin,MOE Möhlin,2.26388,MOE Möhlin,2.26388,92,120,,0
120483,10191.02246,0.79624,2.43206,0.04011,0.04628,0.85205,0.00033,12.45011,2.64574,6.10540,0.09184,0.74070,6.89884,0.00948,0.09197,1.07007,0.33982,0.04114,0.52139,0.00000,638,215,240,1,1,6.85600,0.98646,0,0.90874,0.45499,4.95837,-0.49433,-0.46443,5105,Auenstein,BUS Buchs / Aarau,5.31670,BUS Buchs / Aarau,5.31670,215,234,,0
63907,6270.77881,0.42205,0.60135,0.00009,0.00071,0.91276,0.00064,14.45118,1.73792,6.34000,0.24396,0.67512,5.56196,0.70536,0.06808,1.92679,0.21744,0.09992,1.93439,0.00020,1270,461,420,1,1,8.45600,2.10690,0,0.57390,0.77933,2.02768,0.04463,-0.52064,5072,Oeschgen,MOE Möhlin,11.73837,MOE Möhlin,11.73837,458,413,,0
102052,15950.00488,0.68453,5.50907,0.01263,0.01799,0.92165,0.00007,13.48056,2.19086,11.40000,0.18216,0.42644,5.16050,0.07156,-0.00476,1.37737,0.12513,0.16510,0.42156,0.00000,821,338,240,1,1,12.75200,1.08571,0,0.82213,0.66484,6.02915,-0.25943,-0.31371,5106,Veltheim AG,BUS Buchs / Aarau,7.15332,BUS Buchs / Aarau,7.15332,338,240,,0
106916,17412.60547,0.73812,1.68825,0.04815,0.09601,0.83487,0.00095,12.41441,2.74501,9.64400,0.17083,0.34812,4.68694,0.16524,0.02198,2.19940,0.26858,0.09711,0.71081,0.00000,821,338,240,1,1,10.68000,1.72118,0,0.52854,0.62482,5.71013,-0.28352,-0.75980,4310,Rheinfelden,MOE Möhlin,6.44527,MOE Möhlin,6.44527,335,240,,0
120484,28239.34961,0.91379,5.41652,0.04598,0.03846,0.81856,0.01076,13.06259,2.89774,17.29200,0.01260,0.43149,6.88721,0.04068,0.06611,0.91660,0.21224,0.03578,0.06509,0.00000,638,215,240,1,1,19.18000,1.92871,0,0.89654,0.42752,14.49916,-0.20930,-0.42796,8962,Bergdietikon,UEB Uetliberg,9.28304,LAE Lägern,10.61436,214,233,,0
131236,5180.96924,0.46575,10.68469,0.00425,0.00527,0.91425,0.00024,14.28168,1.87452,6.43600,0.15580,0.38296,6.44070,4.03644,-0.01352,1.99030,0.07516,0.26096,0.44366,0.00000,730,277,240,1,1,6.98800,0.55797,0,0.80638,0.69507,3.03495,-0.33081,-0.42382,5620,Bremgarten AG,UEB Uetliberg,12.11832,MOA Mosen,14.34987,215,120,,0
157092,4012.74902,0.64469,56.42348,0.01427,0.00692,0.86935,0.00667,13.89187,2.48640,6.66120,0.04794,0.27855,7.43207,2.62312,0.02729,1.05459,0.03632,0.12055,0.21037,0.00000,273,92,120,1,1,7.26800,0.33285,0,0.94713,0.41217,4.95381,-0.28157,-0.75159,4313,Möhlin,MOE Möhlin,2.26388,MOE Möhlin,2.26388,92,114,,0
54948,0.00000,0.00000,0.00000,0.00000,0.50000,0.33333,0.41667,12.00000,6.92820,0.00000,2.54957,1.71214,6.46963,4.30035,0.01085,9.93199,0.26390,0.33990,15.10772,0.45871,1301,461,420,1,0,0.00000,0.06943,0,0.00000,0.00000,0.00000,-0.09818,0.23147,4310,Rheinfelden,MOE Möhlin,6.44527,MOE Möhlin,6.44527,460,417,,7
80548,0.00000,0.00000,0.00000,0.00000,0.50000,0.33333,0.41667,12.00000,6.92820,0.00000,1.17618,0.73560,0.00000,0.00000,-0.02788,6.29667,0.24256,0.34690,2.28862,0.42612,1157,430,361,1,0,0.00000,1.18606,0,0.00000,0.00000,0.00000,-0.35676,-0.34648,5733,Leimbach AG,MOA Mosen,5.97184,MOA Mosen,5.97184,411,361,,7
105637,11140.03711,0.56395,15.93435,0.00126,0.00369,0.95105,0.00015,13.38964,2.11584,8.38020,1.21147,0.57227,6.47561,3.61993,-0.02315,2.73057,0.02145,0.26319,3.53644,0.00000,821,338,240,1,1,9.10800,1.32460,0,0.84219,0.61150,4.96702,0.05929,-0.57389,8962,Bergdietikon,UEB Uetliberg,9.28304,LAE Lägern,10.61436,286,239,,0
166566,2460.83301,0.74590,2.32479,0.00000,0.50000,0.85150,0.00004,12.54261,2.66324,5.31800,0.30826,1.00000,6.57000,0.05056,0.00000,1.26916,1.00000,0.08578,1.80296,0.00000,122,92,0,1,1,5.40000,0.53501,0,0.82400,0.42478,4.04698,-0.55399,0.00000,4312,Magden,MOE Möhlin,7.80199,MOE Möhlin,7.80199,74,0,,6
92583,106774.27344,0.96713,450.15793,49.77237,0.15512,0.78510,0.00421,12.51547,3.02249,31.26720,0.00000,0.00699,7.99778,0.41418,0.00105,1.15492,0.60221,0.00031,0.00000,0.00000,1004,338,361,1,1,34.85200,0.02243,0,0.98616,0.39455,31.34595,-0.06586,-0.32090,5105,Auenstein,BUS Buchs / Aarau,5.31670,BUS Buchs / Aarau,5.31670,338,360,,0
102057,0.00000,0.00000,0.00000,0.00000,0.50000,0.33333,0.41667,12.00000,6.92820,0.00000,1.37603,0.80303,0.00000,0.00000,-0.04275,6.84529,0.44573,0.36273,3.55832,0.10812,852,338,240,1,0,0.00000,1.37221,0,0.00000,0.00000,0.00000,0.20552,-0.59307,5622,Waltenschwil,MOA Mosen,11.13299,MOA Mosen,11.13299,326,238,,7
37545,52786.78906,0.97463,3.21691,0.07370,0.12239,0.83779,0.00095,13.35758,2.74672,17.46000,0.11959,0.42997,6.50926,0.05654,0.06365,0.85023,0.16428,0.05528,0.74635,0.00000,1301,461,420,1,1,19.71200,3.04878,0,0.92054,0.52149,12.39883,-0.56384,-0.77520,5727,Oberkulm,MOA Mosen,10.10572,MOA Mosen,10.10572,449,420,,0
157098,3341.35010,0.62271,2.97529,0.02060,0.02725,0.97748,0.00004,12.86246,1.98698,6.80100,0.06791,0.26577,6.68750,2.27715,0.03173,3.32203,0.24712,0.06608,0.16616,0.00000,273,92,120,1,1,7.24800,0.95571,0,0.91812,0.59079,3.83540,-0.32063,-0.53746,4313,Möhlin,MOE Möhlin,2.26388,MOE Möhlin,2.26388,92,114,,0
37546,29557.39844,0.85906,0.87517,0.01651,0.07101,0.90158,0.00002,13.46282,2.33211,15.78340,0.23281,0.69564,3.82880,0.00039,0.08016,1.21524,0.24687,0.09295,1.25724,0.00000,1270,461,420,1,1,18.69600,5.04749,0,0.82701,0.65071,7.73590,-0.67739,-0.48072,5727,Oberkulm,MOA Mosen,10.10572,MOA Mosen,10.10572,451,420,,0
157099,2973.20898,0.57509,24.76539,0.01348,0.01851,0.97740,0.00003,12.95796,1.95945,6.57940,0.14439,0.40844,6.82609,2.83521,0.01992,2.37124,0.02886,0.16616,0.58664,0.00000,273,92,120,1,1,7.06000,0.69700,0,0.91268,0.60708,3.35178,-0.35309,-0.68549,4313,Möhlin,MOE Möhlin,2.26388,MOE Möhlin,2.26388,92,114,,0
86955,23159.70508,0.96905,7.47187,0.20579,0.12023,0.83165,0.00201,12.77979,2.82851,8.57920,0.36089,0.49045,6.65385,0.09868,0.01709,1.34292,0.20154,0.11891,1.69807,0.00000,1034,338,361,1,1,9.56000,0.65346,0,0.78575,0.38020,6.84489,-0.19665,-0.26085,5426,Lengnau AG,LAE Lägern,7.25748,LAE Lägern,7.25748,337,361,,0
124844,18559.56250,0.83362,65.43189,0.03628,0.01395,0.86465,0.00043,12.66114,2.61259,13.04400,0.42347,0.44740,7.18256,5.33716,0.03923,4.08850,0.03919,0.17567,2.93373,0.00000,577,215,179,1,1,14.66800,0.37856,0,0.81412,0.44191,10.23074,-0.37404,-0.37648,5027,Herznach,BUS Buchs / Aarau,9.99514,BUS Buchs / Aarau,9.99514,215,146,,0
134060,0.00000,0.00000,0.00000,0.00000,0.50000,0.33333,0.41667,12.00000,6.92820,0.00000,1.31086,1.71989,0.00000,0.00000,0.01855,4.97558,0.74842,0.34806,1.47056,0.89315,487,215,120,1,0,0.00000,0.27112,0,0.00000,0.00000,0.00000,-0.12882,0.14757,4317,Wegenstetten,RUE Rünenberg,8.00254,RUE Rünenberg,8.00254,214,120,,7
141484,16976.34180,0.82629,14.06568,0.21498,0.05098,0.91198,0.00011,13.56007,2.32481,16.18600,0.05507,0.76843,7.34538,3.75542,0.05023,2.47302,0.28454,0.07201,0.18097,0.00000,426,184,120,1,1,17.37600,0.32639,0,0.73855,0.40247,11.07058,-0.27856,-0.27462,5707,Seengen,MOA Mosen,9.41162,MOA Mosen,9.41162,169,119,,0
56236,7556.03809,0.68425,7.77231,0.11064,0.07571,0.86448,0.00019,15.02178,1.66036,4.14620,0.68808,0.22331,6.29338,4.86701,-0.10859,1.81664,0.17378,0.32737,2.77037,0.02019,1270,461,420,1,1,4.80000,0.16248,0,0.86575,0.75353,1.76347,-0.16799,0.08587,5313,Klingnau,BEZ Beznau,3.67126,BEZ Beznau,3.67126,459,419,,0
32173,0.00000,0.00000,0.00000,0.00000,0.50000,0.33333,0.41667,12.00000,6.92820,0.00000,3.05520,3.78973,0.09273,0.03808,0.02396,6.94734,0.72153,0.40875,7.80320,0.40735,1270,461,420,1,0,0.00000,0.47698,0,0.00000,0.00000,0.00000,-0.00041,0.01815,5313,Klingnau,BEZ Beznau,3.67126,BEZ Beznau,3.67126,459,419,,7
48301,29831.98828,0.83858,65.86720,0.45952,0.14984,0.87847,0.00015,12.04716,2.34907,8.99200,0.03892,0.27065,7.64534,4.97439,0.00343,4.47952,0.03958,0.12294,0.22096,0.00000,1270,461,420,1,1,9.85600,0.27172,0,0.94857,0.54420,6.58735,-0.46719,-0.27323,4310,Rheinfelden,MOE Möhlin,6.44527,MOE Möhlin,6.44527,459,419,,0
157358,2974.12891,0.41758,18.29134,0.00030,0.00029,0.95333,0.00055,12.94186,2.11777,8.51600,0.31245,0.44548,7.12772,3.94240,-0.05959,3.23908,0.05740,0.22450,1.72067,0.00000,273,92,120,1,1,9.40400,0.63245,0,0.59026,0.49272,3.67271,-0.07920,0.03919,5312,Döttingen,BEZ Beznau,1.91879,BEZ Beznau,1.91879,92,76,,0
109231,12167.14453,0.49435,35.95037,0.02333,0.01838,0.92330,0.00623,12.33908,2.28901,10.24800,0.17375,1.02228,7.38927,2.74453,0.04965,6.90950,0.03466,0.10968,0.18954,0.00000,973,338,361,1,1,11.88000,0.58287,0,0.93705,0.62846,6.64594,-0.26946,-0.44931,5706,Boniswil,MOA Mosen,8.10837,MOA Mosen,8.10837,215,235,,0
149167,6760.08789,0.60274,90.47810,0.00588,0.01053,0.94796,0.00001,12.34470,2.07246,11.63800,0.06526,0.59419,7.82212,3.77601,0.07303,3.79597,0.00611,0.07579,0.39589,0.00000,365,123,120,1,1,12.72800,1.17341,0,0.90501,0.50795,7.19632,-0.55770,-0.80902,5707,Seengen,MOA Mosen,9.41162,MOA Mosen,9.41162,104,120,,0
36783,0.00000,0.00000,0.00000,0.00000,0.50000,0.33333,0.41667,12.00000,6.92820,0.00000,1.09852,1.11007,0.00000,0.00000,-0.00469,5.58161,0.75550,0.33170,0.78061,0.82188,1301,461,420,1,0,0.00000,0.45835,0,0.00000,0.00000,0.00000,-0.30902,-0.38948,5443,Niederrohrdorf,LAE Lägern,9.90641,LAE Lägern,9.90641,458,413,,7
125617,31674.90430,0.63946,4.79044,0.38093,0.07477,0.83639,0.00597,12.51337,2.75056,20.41400,0.27095,0.30364,6.71163,3.07609,0.03254,3.33587,0.98397,0.06358,1.59860,0.00000,821,338,240,1,1,22.58000,0.77022,0,0.83509,0.50035,15.97850,-0.29064,-0.22809,5304,Endingen,PSI Würenlingen / PSI,4.61373,PSI Würenlingen / PSI,4.61373,215,131,,0
96945,0.00000,0.00000,0.00000,0.00000,0.50000,0.33333,0.41667,12.00000,6.92820,0.00000,2.08378,1.07516,0.00000,0.00000,-0.02680,4.76843,0.19732,0.45275,4.42218,0.58153,547,184,180,1,0,0.00000,2.02339,0,0.00000,0.00000,0.00000,-0.49656,-0.88894,5607,Hägglingen,BUS Buchs / Aarau,13.26309,BUS Buchs / Aarau,13.26309,100,120,,7
97969,3524.30493,0.54257,0.80624,0.00100,0.00551,0.89036,0.00042,14.43807,1.98644,4.48400,1.70890,1.20321,4.85503,2.69247,0.01083,2.94239,0.22287,0.28009,11.28382,0.00361,881,338,269,1,1,5.42800,1.12721,0,0.67061,0.83559,1.43610,-0.04284,-0.35173,5225,Bözberg,PSI Würenlingen / PSI,8.05011,PSI Würenlingen / PSI,8.05011,335,244,,0
101298,89105.45312,0.96831,510.95709,54.69676,0.15287,0.77653,0.00405,11.86442,2.89370,29.39040,0.00026,0.01298,7.99926,0.39891,0.00208,0.99218,0.59321,0.00020,0.00000,0.00000,852,338,240,1,1,34.60000,0.01757,0,0.95001,0.39107,28.47223,-0.09615,-0.23734,4310,Rheinfelden,MOE Möhlin,6.44527,MOE Möhlin,6.44527,337,240,,0
101299,65006.89844,0.96596,6.23187,0.11902,0.08479,0.80179,0.00193,11.81832,2.71038,27.03180,0.16038,0.52826,6.91420,0.48547,0.05718,1.88128,0.20614,0.07208,1.13112,0.00000,852,338,240,1,1,31.97200,2.18889,0,0.91797,0.46272,22.13111,-0.51696,-0.64745,4310,Rheinfelden,MOE Möhlin,6.44527,MOE Möhlin,6.44527,337,240,,0
55475,36506.54297,0.93307,7.16348,0.16257,0.14093,0.84845,0.00050,12.31626,2.61872,9.85240,0.04826,0.34022,7.08424,0.04216,0.04723,1.06454,0.13834,0.04070,0.20048,0.00000,1270,461,420,1,1,11.36400,1.00698,0,0.95762,0.46886,8.29689,-0.58127,-0.87840,5727,Oberkulm,MOA Mosen,10.10572,MOA Mosen,10.10572,451,418,,0
58291,13416.47852,0.65118,15.23660,0.06595,0.07975,0.98096,0.00000,13.05630,1.94505,5.72000,0.56842,0.32007,7.52772,3.54704,-0.00156,5.63478,0.04995,0.22211,0.13901,0.00000,1270,461,420,1,1,6.66800,0.44652,0,0.88640,0.69364,3.16153,0.11425,-0.55279,5443,Niederrohrdorf,LAE Lägern,9.90641,LAE Lägern,9.90641,456,419,,0
157108,1622.53296,0.46520,24.28522,0.00212,0.00296,0.91009,0.00039,14.00155,2.01203,4.69600,0.99179,0.50433,5.04620,2.23970,-0.01279,2.20413,0.02939,0.29231,4.28804,0.02220,273,92,120,1,1,5.16800,0.46880,0,0.87430,0.67506,2.32288,-0.50822,-0.63804,4324,Obermumpf,MOE Möhlin,6.71235,MOE Möhlin,6.71235,92,114,,0
166580,5099.38086,0.74590,4.61047,0.00000,0.50000,0.71558,0.06311,13.63688,3.60458,8.52800,0.19835,1.00000,7.49667,0.00281,0.00000,0.79065,1.00000,0.03465,0.95266,0.00000,122,92,0,1,1,9.03600,0.52462,0,0.97211,0.28946,8.57555,-0.63779,0.00000,4312,Magden,MOE Möhlin,7.80199,MOE Möhlin,7.80199,74,0,,6
108981,27078.07422,0.64748,100.04397,1.05390,0.04692,0.87635,0.00003,13.14896,2.55033,12.90400,0.09762,0.93061,7.33017,0.16813,0.08942,0.91213,0.21399,0.08160,0.61925,0.00000,973,338,361,1,1,15.03600,0.07308,0,0.86420,0.41409,10.19311,-0.22625,-0.00482,4303,Kaiseraugst,STC St. Chrischona,5.73753,MOE Möhlin,10.99251,284,238,,0
147894,32635.28906,0.97808,3395.28394,527.95667,0.16759,0.80355,0.00190,11.83409,2.71951,24.89200,0.00000,2.90698,7.99788,8.00000,0.00547,12.96581,0.77235,0.00000,0.00000,0.00000,365,123,120,1,1,27.70000,0.00193,0,0.97473,0.33466,23.43411,0.00000,-0.36878,4317,Wegenstetten,RUE Rünenberg,8.00254,RUE Rünenberg,8.00254,116,120,,1
174518,0.00000,0.00000,0.00000,0.00000,0.50000,0.33333,0.41667,12.00000,6.92820,0.00000,0.95238,1.00000,0.00000,0.00000,0.00000,12.00000,1.00000,0.33333,0.00000,0.95238,31,31,0,1,0,0.00000,0.01772,0,0.00000,0.00000,0.00000,0.00000,0.00000,5236,Remigen,PSI Würenlingen / PSI,4.17446,PSI Würenlingen / PSI,4.17446,2,0,,18
38326,0.00000,0.00000,0.00000,0.00000,0.50000,0.33333,0.41667,12.00000,6.92820,0.00000,2.29402,1.74881,0.00761,0.00000,0.01648,6.94640,0.54137,0.41591,4.10485,0.82316,1270,461,420,1,0,0.00000,0.68156,0,0.00000,0.00000,0.00000,0.05583,0.09527,5727,Oberkulm,MOA Mosen,10.10572,MOA Mosen,10.10572,452,419,,7
117175,26367.52930,0.78593,16.76406,0.10566,0.05299,0.83382,0.00479,12.96437,2.84748,15.92780,0.27511,0.24493,6.79070,1.83580,0.02149,7.10448,0.11264,0.06095,2.16069,0.00000,668,215,240,1,1,18.23600,0.94990,0,0.59111,0.42652,12.58367,-0.00355,-0.39919,4322,Mumpf,MOE Möhlin,4.27396,MOE Möhlin,4.27396,213,239,,0
117943,22785.03516,0.64645,10.54321,0.16906,0.10825,0.80480,0.00461,12.35449,2.90712,11.73480,0.03536,0.37040,7.38953,0.11254,0.05554,1.19240,0.13208,0.02673,0.14703,0.00000,973,338,361,1,1,12.73600,1.00124,0,0.97362,0.42220,10.51051,-0.56344,-0.88427,5506,Mägenwil,BUS Buchs / Aarau,11.91100,BUS Buchs / Aarau,11.91100,215,240,,0
147895,24780.25781,0.93151,16.43524,0.13287,0.07937,0.83053,0.00079,11.81678,2.54089,22.96420,0.03338,0.73538,7.26059,0.10585,0.09270,1.49911,0.09377,0.02740,0.19626,0.00000,365,123,120,1,1,25.29200,1.57378,0,0.95759,0.39396,20.05792,-0.61740,-0.52818,4317,Wegenstetten,RUE Rünenberg,8.00254,RUE Rünenberg,8.00254,116,120,,0
154551,0.00000,0.00000,0.00000,0.00000,0.50000,0.33333,0.41667,12.00000,6.92820,0.00000,2.52278,2.16301,0.00000,0.00000,-0.02888,7.16866,0.98844,0.41664,1.95167,1.52591,304,92,120,1,0,0.00000,0.48908,0,0.00000,0.00000,0.00000,0.14872,-0.06326,4313,Möhlin,MOE Möhlin,2.26388,MOE Möhlin,2.26388,92,120,,7
174519,0.00000,0.00000,0.00000,0.00000,0.50000,0.33333,0.41667,12.00000,6.92820,0.00000,1.24978,1.00000,0.00000,0.00000,0.00000,12.00000,1.00000,0.33333,0.34142,1.08204,31,31,0,1,0,0.00000,0.24846,0,0.00000,0.00000,0.00000,0.00000,0.00000,5236,Remigen,PSI Würenlingen / PSI,4.17446,PSI Würenlingen / PSI,4.17446,2,0,,18
40119,0.00000,0.00000,0.00000,0.00000,0.50000,0.33333,0.41667,12.00000,6.92820,0.00000,1.45695,1.50361,0.00000,0.00000,-0.01057,6.88609,0.47784,0.33328,3.42970,0.54060,1270,461,420,1,0,0.00000,0.80158,0,0.00000,0.00000,0.00000,-0.20611,-0.07260,5745,Safenwil,GOE Gösgen,4.74786,GOE Gösgen,4.74786,337,419,,7
53431,0.00000,0.00000,0.00000,0.00000,0.50000,0.33333,0.41667,12.00000,6.92820,0.00000,1.54122,1.29741,0.00000,0.00000,0.01721,7.42297,0.33179,0.37925,3.46241,0.54797,1301,461,420,1,0,0.00000,0.83749,0,0.00000,0.00000,0.00000,-0.29863,-0.44770,5452,Oberrohrdorf,LAE Lägern,8.53075,LAE Lägern,8.53075,459,419,,7
130488,25431.16992,0.90347,260.70981,2.45709,0.11365,0.88820,0.00028,12.46093,2.43706,20.77160,0.11788,0.65445,7.66279,6.17814,0.12662,3.88001,0.07350,0.06938,0.39914,0.00000,518,215,120,1,1,23.16000,0.08159,0,0.81453,0.52829,13.07652,-0.67102,-0.26143,5725,Leutwil,MOA Mosen,8.27182,MOA Mosen,8.27182,211,120,,0
109241,12032.23242,0.68421,4.76842,0.04245,0.05295,0.90132,0.00011,13.85061,2.25295,8.61800,0.70210,0.53143,5.47279,1.99565,0.02274,3.57137,0.15920,0.15516,4.47962,0.00000,760,307,240,1,1,9.65600,0.64762,0,0.62630,0.62573,4.28456,-0.19990,-0.68334,5522,Tägerig,LAE Lägern,12.75563,LAE Lägern,12.75563,289,230,,0
130489,11203.66602,0.57336,1.90323,0.00380,0.00941,0.93641,0.00005,13.12568,2.21871,13.35240,0.04737,0.86029,6.12907,0.95842,0.07591,3.94243,0.21025,0.08064,0.38078,0.00000,518,215,120,1,1,14.54800,2.05618,0,0.63781,0.62607,6.76824,-0.38526,-0.60965,5452,Oberrohrdorf,LAE Lägern,8.53075,LAE Lägern,8.53075,215,120,,0
174521,0.00000,0.00000,0.00000,0.00000,0.50000,0.33333,0.41667,12.00000,6.92820,0.00000,1.00000,1.00000,0.00000,0.00000,0.00000,12.00000,1.00000,0.33333,0.00000,1.00000,31,31,0,1,0,0.00000,0.06722,0,0.00000,0.00000,0.00000,0.00000,0.00000,5236,Remigen,PSI Würenlingen / PSI,4.17446,PSI Würenlingen / PSI,4.17446,2,0,,21
174522,0.00000,0.00000,0.00000,0.00000,0.50000,0.33333,0.41667,12.00000,6.92820,0.00000,0.99104,1.00000,0.00000,0.00000,0.00000,12.00000,1.00000,0.33333,0.31666,0.79485,31,31,0,1,0,0.00000,0.10044,0,0.00000,0.00000,0.00000,0.00000,0.00000,5236,Remigen,PSI Würenlingen / PSI,4.17446,PSI Würenlingen / PSI,4.17446,2,0,,18
63674,0.00000,0.00000,0.00000,0.00000,0.50000,0.33333,0.41667,12.00000,6.92820,0.00000,1.02531,1.04993,0.16467,0.24310,-0.00591,6.13680,1.06505,0.30636,0.91471,0.67448,1270,461,420,1,0,0.00000,0.06582,0,0.00000,0.00000,0.00000,-0.04611,0.06843,4310,Rheinfelden,MOE Möhlin,6.44527,MOE Möhlin,6.44527,458,419,,7
115387,16253.30762,0.36535,11.74841,0.01746,0.02370,0.88592,0.00031,12.83578,2.56154,9.79600,0.07852,0.86608,7.40711,1.36306,0.08973,3.50407,0.06122,0.02939,0.16462,0.00000,1270,461,420,1,1,10.01200,1.21471,0,0.96895,0.55559,8.52313,-0.35668,-0.71307,5452,Oberrohrdorf,LAE Lägern,8.53075,LAE Lägern,8.53075,218,240,,0
172731,1372.28809,0.74194,103.04784,0.00000,0.50000,0.87422,0.00104,13.38205,2.61455,10.78760,1.07380,1.00000,7.47727,7.47727,0.00000,3.18182,1.00000,0.08220,6.12797,0.00000,31,31,0,1,1,11.56000,0.02478,0,0.96264,0.30338,8.86596,-0.79600,0.00000,5605,Dottikon,BUS Buchs / Aarau,12.20637,BUS Buchs / Aarau,12.20637,22,0,,6
174523,0.00000,0.00000,0.00000,0.00000,0.50000,0.33333,0.41667,12.00000,6.92820,0.00000,1.01166,1.00000,0.00000,0.00000,0.00000,12.00000,1.00000,0.33333,0.06800,0.98540,31,31,0,1,0,0.00000,0.10709,0,0.00000,0.00000,0.00000,0.00000,0.00000,5236,Remigen,PSI Würenlingen / PSI,4.17446,PSI Würenlingen / PSI,4.17446,2,0,,18
160446,591.46698,0.66981,0.17540,0.00606,0.03701,0.98962,0.00000,14.19882,1.55499,3.70700,0.48058,0.92621,1.29620,0.00000,0.00401,1.88128,0.89839,0.23313,0.98660,0.06969,212,92,59,1,1,4.10400,1.47176,0,0.71130,0.77839,0.68479,-0.21890,-0.41246,4315,Zuzgen,MOE Möhlin,5.77083,MOE Möhlin,5.77083,92,30,,0
155839,0.00000,0.00000,0.00000,0.00000,0.50000,0.33333,0.41667,12.00000,6.92820,0.00000,0.30015,0.74166,0.00000,0.00000,0.04136,8.68727,0.07202,0.18733,1.22768,0.15842,699,246,240,1,0,0.00000,1.10529,0,0.00000,0.00000,0.00000,-0.20223,-0.96896,4324,Obermumpf,MOE Möhlin,6.71235,MOE Möhlin,6.71235,92,120,,7
90815,32896.71484,0.73705,1017.89862,0.11446,0.04788,0.88422,0.00001,12.33656,2.44615,14.15680,0.56099,0.31956,7.84866,4.46608,-0.00211,7.83009,0.00224,0.17222,2.65952,0.00000,1004,338,361,1,1,15.14000,0.50377,0,0.94167,0.53166,11.22235,-0.50345,-0.70966,5225,Bözberg,PSI Würenlingen / PSI,8.05011,PSI Würenlingen / PSI,8.05011,335,360,,0
155840,12834.50293,0.30274,39.28320,0.90706,0.07732,0.83702,0.00012,12.52138,2.72808,15.92000,0.18642,0.40687,7.37500,0.17679,0.02304,0.96639,0.27556,0.06079,0.71602,0.00000,730,277,240,1,1,16.38400,0.15432,0,0.83150,0.33493,13.64264,-0.18995,-0.27953,4324,Obermumpf,MOE Möhlin,6.71235,MOE Möhlin,6.71235,92,120,,0
155841,5009.10596,0.38245,3.60031,0.23983,0.17916,0.94507,0.00000,12.59868,2.18055,7.30000,0.05751,0.26891,6.94022,0.00000,0.04134,1.46824,0.30519,0.04110,0.18662,0.00000,638,215,240,1,1,8.07200,0.65337,0,0.82078,0.31941,4.40114,-0.52335,-0.41687,4324,Obermumpf,MOE Möhlin,6.71235,MOE Möhlin,6.71235,92,120,,0
157121,0.00000,0.00000,0.00000,0.00000,0.50000,0.33333,0.41667,12.00000,6.92820,0.00000,2.29320,1.62709,0.00000,0.00000,-0.04003,4.46902,0.77030,0.46488,2.46896,1.08959,273,92,120,1,0,0.00000,1.84337,0,0.00000,0.00000,0.00000,-0.26762,-0.13080,5620,Bremgarten AG,UEB Uetliberg,12.11832,MOA Mosen,14.34987,92,113,,7
161473,4594.86914,0.61321,7.81958,0.00000,0.00000,0.94238,0.00000,13.24335,2.14388,10.90360,0.00197,0.43325,7.88587,3.81210,0.00000,3.02742,0.76101,0.03531,0.00802,0.00000,212,92,59,1,1,12.06400,1.06891,0,0.93557,0.58123,6.35022,-0.60838,0.00000,5726,Unterkulm,BUS Buchs / Aarau,7.61319,BUS Buchs / Aarau,7.61319,92,4,,2
165057,0.00000,0.00000,0.00000,0.00000,0.50000,0.33333,0.41667,12.00000,6.92820,0.00000,3.63418,1.00000,0.04620,0.22967,0.00000,6.31750,1.00000,0.38468,7.17462,0.48925,153,92,0,1,0,0.00000,0.77138,0,0.00000,0.00000,0.00000,-0.11589,0.00000,5236,Remigen,PSI Würenlingen / PSI,4.17446,PSI Würenlingen / PSI,4.17446,92,0,,12
109763,15525.53027,0.56029,16.65853,0.08673,0.12143,0.83417,0.00359,11.61290,2.48090,13.32080,0.23354,0.06790,6.96084,1.77079,0.01416,3.98586,0.03767,0.12451,2.85078,0.00000,821,338,240,1,1,15.50400,1.09223,0,0.83011,0.50611,9.29695,-0.23196,-0.51514,5608,Stetten AG,LAE Lägern,11.33078,LAE Lägern,11.33078,162,206,,0
134852,8800.59180,0.83368,14.41132,0.01023,0.01709,0.90861,0.00100,13.77904,2.16581,12.15600,0.45864,0.67130,4.94419,0.13235,0.01124,1.33178,0.04081,0.23685,2.01057,0.00000,487,215,120,1,1,13.35600,0.92181,0,0.72122,0.62424,5.84793,-0.28452,-0.58578,4813,Uerkheim,GOE Gösgen,7.18402,GOE Gösgen,7.18402,215,120,,0
153284,5252.62598,0.65789,91.07516,0.06566,0.03002,0.88709,0.00000,13.92532,2.30664,7.98780,0.06189,0.29569,7.59783,0.13704,0.04311,0.79621,0.02329,0.06287,0.29891,0.00000,304,92,120,1,1,8.26800,0.34653,0,0.90622,0.40308,5.83365,-0.25403,-0.73613,4325,Schupfart,MOE Möhlin,9.38430,MOE Möhlin,9.38430,92,120,,0
97988,0.00000,0.00000,0.00000,0.00000,0.50000,0.33333,0.41667,12.00000,6.92820,0.00000,3.79255,6.35221,0.00000,0.00028,-0.00913,6.02903,0.97119,0.35502,12.83441,0.43335,912,338,269,1,0,0.00000,0.34153,0,0.00000,0.00000,0.00000,-0.07556,-0.03660,5522,Tägerig,LAE Lägern,12.75563,LAE Lägern,12.75563,330,238,,7
77253,0.00000,0.00000,0.00000,0.00000,0.50000,0.33333,0.41667,12.00000,6.92820,0.00000,1.76897,2.73651,0.00000,0.00000,0.00460,6.55286,0.97796,0.39132,4.26298,0.34430,1211,461,361,1,0,0.00000,0.42907,0,0.00000,0.00000,0.00000,-0.05864,-0.12055,4310,Rheinfelden,MOE Möhlin,6.44527,MOE Möhlin,6.44527,457,361,,7
98501,24458.78125,0.67723,9.16890,0.05813,0.04320,0.89384,0.00004,12.60094,2.45756,12.34420,0.24507,0.28792,6.25074,0.15263,0.02917,1.23620,0.14041,0.06117,1.53981,0.00000,852,338,240,1,1,12.87600,0.76503,0,0.75714,0.61014,8.70945,-0.28999,-0.68985,5225,Bözberg,PSI Würenlingen / PSI,8.05011,PSI Würenlingen / PSI,8.05011,335,240,,0
135366,0.00000,0.00000,0.00000,0.00000,0.50000,0.33333,0.41667,12.00000,6.92820,0.00000,0.83662,0.90516,0.00000,0.00000,-0.00360,3.52039,0.21792,0.30069,1.54464,0.43630,487,215,120,1,0,0.00000,1.74520,0,0.00000,0.00000,0.00000,-0.13771,-0.09452,4313,Möhlin,MOE Möhlin,2.26388,MOE Möhlin,2.26388,215,120,,7
147142,5956.22021,0.70202,4.69825,0.04005,0.07251,0.94709,0.00065,12.27678,2.01637,9.14080,1.05599,0.82865,5.92115,2.86761,0.01259,4.90181,0.10904,0.22328,7.26539,0.00000,396,154,120,1,1,9.69600,0.97022,0,0.62500,0.58281,4.67734,-0.20851,-0.60887,5107,Schinznach Dorf,BUS Buchs / Aarau,8.79924,BUS Buchs / Aarau,8.79924,130,120,,0
170182,1655.36304,0.98361,42.66840,0.00000,0.50000,0.86119,0.00003,14.32420,2.23362,7.06800,0.14409,1.00000,6.89407,0.26271,0.00000,0.65711,1.00000,0.10955,0.61321,0.00000,61,61,0,1,1,7.52800,0.02713,0,0.88015,0.41935,4.09772,-0.54739,0.00000,5236,Remigen,PSI Würenlingen / PSI,4.17446,PSI Würenlingen / PSI,4.17446,59,0,,6
97990,0.00000,0.00000,0.00000,0.00000,0.50000,0.33333,0.41667,12.00000,6.92820,0.00000,0.66437,1.32960,0.00000,0.00000,0.03216,3.82684,0.15228,0.26757,1.61260,0.32893,912,338,269,1,0,0.00000,1.26428,0,0.00000,0.00000,0.00000,-0.35410,-0.71887,5522,Tägerig,LAE Lägern,12.75563,LAE Lägern,12.75563,336,244,,7
58311,27843.69531,0.78976,19.53443,0.04383,0.02619,0.83487,0.00025,12.62807,2.76859,8.99020,0.29342,0.42385,6.92733,0.20394,0.01646,1.08445,0.08344,0.09593,1.52784,0.00000,1270,461,420,1,1,9.66800,0.49901,0,0.82412,0.49540,7.55895,-0.07346,-0.51150,5745,Safenwil,GOE Gösgen,4.74786,GOE Gösgen,4.74786,459,418,,0
103880,10231.85254,0.84531,11.54691,0.31947,0.10977,0.86229,0.00146,12.44865,2.61724,4.92360,0.29288,1.87553,7.02855,0.19441,0.10986,1.41917,0.22438,0.12776,1.54431,0.00000,821,338,240,1,1,5.42800,0.17808,0,0.93474,0.43387,3.83900,-0.61009,-0.26300,5506,Mägenwil,BUS Buchs / Aarau,11.91100,BUS Buchs / Aarau,11.91100,289,240,,0
153288,2067.68506,0.60855,10.30195,0.00351,0.00801,0.88518,0.00011,14.84662,1.63999,6.87520,0.24703,0.39325,5.10598,3.29485,-0.08843,2.10819,0.04217,0.34298,0.75580,0.01332,304,92,120,1,1,7.40800,0.85379,0,0.82193,0.79758,2.59153,-0.55479,-0.55913,4325,Schupfart,MOE Möhlin,9.38430,MOE Möhlin,9.38430,92,120,,0
135369,0.00000,0.00000,0.00000,0.00000,0.50000,0.33333,0.41667,12.00000,6.92820,0.00000,1.44755,2.00109,4.23140,4.06510,0.02077,2.60899,0.82811,0.33788,2.43212,0.75737,487,215,120,1,0,0.00000,0.05198,0,0.00000,0.00000,0.00000,0.04735,0.01039,4313,Möhlin,MOE Möhlin,2.26388,MOE Möhlin,2.26388,215,120,,7
100811,17904.04297,0.54545,59.47326,0.00503,0.00173,0.88883,0.00000,12.92318,2.49107,9.60940,0.07954,0.33488,7.44009,0.17659,0.03604,0.95646,0.04896,0.05519,0.43723,0.00000,1034,338,361,1,1,10.72000,0.28603,0,0.91301,0.47194,7.23208,-0.31020,-0.65466,5622,Waltenschwil,MOA Mosen,11.13299,MOA Mosen,11.13299,328,239,,0
110283,19384.26953,0.90685,2.03769,0.08839,0.11806,0.85978,0.00045,11.69715,2.34748,11.54420,0.35815,0.71320,5.18927,0.01214,0.04754,1.81292,0.32405,0.14258,1.97956,0.00000,730,277,240,1,1,12.91600,1.67135,0,0.85426,0.49100,7.61072,-0.13238,-0.38776,5504,Othmarsingen,BUS Buchs / Aarau,10.46537,BUS Buchs / Aarau,10.46537,245,240,,0
160715,2513.12402,0.97238,1.61998,0.07424,0.09694,0.83155,0.00015,13.31448,2.75074,4.96640,0.20955,1.16955,4.65217,0.02273,0.08215,2.17101,0.42692,0.11304,0.55076,0.00000,181,92,28,1,1,5.59200,0.85149,0,0.68551,0.32299,3.04524,-0.34081,-0.71217,4315,Zuzgen,MOE Möhlin,5.77083,MOE Möhlin,5.77083,92,23,,0
125644,16257.46973,0.87522,4.41468,0.30564,0.09119,0.84850,0.00213,11.63173,2.39178,11.15200,0.06321,0.40077,6.20116,0.05539,0.06752,1.67111,0.68998,0.05273,0.19219,0.00000,577,215,179,1,1,12.14000,0.91316,0,0.93105,0.51939,7.81028,-0.30267,-0.05074,4317,Wegenstetten,RUE Rünenberg,8.00254,RUE Rünenberg,8.00254,214,121,,0
160716,6815.66504,0.97790,11.71045,2.23526,0.17145,0.75820,0.00115,12.30069,3.05064,7.82640,0.04843,0.10420,7.51648,0.21408,0.00370,1.15320,0.92242,0.03210,0.25416,0.00000,181,92,28,1,1,8.40000,0.20757,0,0.94592,0.32937,7.14230,-0.55028,-0.37123,4315,Zuzgen,MOE Möhlin,5.77083,MOE Möhlin,5.77083,90,23,,0
101837,0.00000,0.00000,0.00000,0.00000,0.50000,0.33333,0.41667,12.00000,6.92820,0.00000,1.59016,1.02200,0.00074,0.00000,0.04628,2.44667,0.39746,0.18875,5.90029,0.25994,852,338,240,1,0,0.00000,1.73940,0,0.00000,0.00000,0.00000,-0.03416,-0.72095,5225,Bözberg,PSI Würenlingen / PSI,8.05011,PSI Würenlingen / PSI,8.05011,336,240,,7
103631,0.00000,0.00000,0.00000,0.00000,0.50000,0.33333,0.41667,12.00000,6.92820,0.00000,1.30951,1.41602,0.00000,0.00000,0.00736,6.04836,0.80123,0.32615,2.60021,0.55480,852,338,240,1,0,0.00000,0.59085,0,0.00000,0.00000,0.00000,-0.00728,-0.14162,5504,Othmarsingen,BUS Buchs / Aarau,10.46537,BUS Buchs / Aarau,10.46537,338,240,,7
104399,30196.96289,0.88794,6.73979,0.14556,0.09969,0.81802,0.00231,12.94506,2.88653,12.82520,0.26910,0.44978,6.14360,0.13679,0.03236,1.83280,0.19505,0.14642,0.98215,0.00000,821,338,240,1,1,14.29600,1.04840,0,0.95773,0.41314,11.57438,-0.59587,-0.79549,5506,Mägenwil,BUS Buchs / Aarau,11.91100,BUS Buchs / Aarau,11.91100,289,239,,0
174543,0.00000,0.00000,0.00000,0.00000,0.50000,0.33333,0.41667,12.00000,6.92820,0.00000,1.00000,1.00000,0.00000,0.00000,0.00000,12.00000,1.00000,0.33333,0.00000,1.00000,31,31,0,1,0,-1.00000,0.00000,0,0.00000,0.00000,0.00000,0.00000,0.00000,5614,Sarmenstorf,MOA Mosen,7.60866,MOA Mosen,7.60866,0,0,,23
174544,0.00000,0.00000,0.00000,0.00000,0.50000,0.33333,0.41667,12.00000,6.92820,0.00000,1.00000,1.00000,0.00000,0.00000,0.00000,12.00000,1.00000,0.33333,0.00000,1.00000,31,31,0,1,0,-1.00000,0.00000,0,0.00000,0.00000,0.00000,0.00000,0.00000,5707,Seengen,MOA Mosen,9.41162,MOA Mosen,9.41162,0,0,,23
119505,12715.19824,0.81975,7.65971,0.04580,0.07373,0.97470,0.00042,12.97178,2.02323,9.22400,0.01528,0.30587,6.90771,1.89190,0.03871,2.20514,0.07511,0.05767,0.06104,0.00000,638,215,240,1,1,9.50000,1.34739,0,0.95165,0.61383,5.89624,-0.38662,-0.73805,5452,Oberrohrdorf,LAE Lägern,8.53075,LAE Lägern,8.53075,211,236,,0
127698,1620.66199,0.95560,771.18597,222.12122,0.24235,0.82895,0.00019,11.83469,2.55370,0.84120,0.01149,1.00000,8.00000,7.99951,0.01536,13.00000,0.90043,0.00914,0.00000,0.00000,518,215,120,1,1,0.92400,0.00022,0,0.89828,0.31467,0.65274,-0.16476,-0.13941,5027,Herznach,BUS Buchs / Aarau,9.99514,BUS Buchs / Aarau,9.99514,214,119,,1
132050,62889.72656,0.96509,26.30957,0.67691,0.13365,0.80194,0.00207,12.47565,2.93827,27.39200,0.00485,0.21590,7.90698,0.24529,0.03124,1.01917,0.16677,0.00723,0.00074,0.00000,487,215,120,1,1,27.44800,0.81802,0,0.97104,0.37812,31.69850,-0.33859,-0.79447,5304,Endingen,PSI Würenlingen / PSI,4.61373,PSI Würenlingen / PSI,4.61373,215,119,,0
127700,5179.63281,0.77027,10.57804,0.02502,0.03809,0.97745,0.00001,12.57867,1.92551,5.83280,0.66707,0.44729,7.61565,4.18726,0.00769,9.47452,0.05974,0.18316,2.91058,0.00000,518,215,120,1,1,6.63200,0.40545,0,0.84160,0.70035,2.65074,-0.09147,-0.59521,5027,Herznach,BUS Buchs / Aarau,9.99514,BUS Buchs / Aarau,9.99514,214,119,,0
142292,6548.02490,0.78169,17.63922,0.03226,0.02155,0.94753,0.00039,13.32548,2.04544,7.77400,0.12601,0.83154,6.16964,0.18171,0.06758,1.16653,0.08304,0.12420,0.55555,0.00000,426,184,120,1,1,8.81200,0.27634,0,0.77848,0.43877,4.48776,-0.35065,-0.52408,4317,Wegenstetten,RUE Rünenberg,8.00254,RUE Rünenberg,8.00254,167,119,,0
88020,11548.01562,0.62186,16.95575,0.01002,0.00818,0.88978,0.00035,13.33309,2.41279,6.55600,0.13520,0.59518,6.58876,0.05983,0.05533,1.09299,0.07163,0.09392,0.67091,0.00000,1034,338,361,1,1,8.48800,0.39322,0,0.90559,0.58364,4.31748,-0.33776,-0.68925,4310,Rheinfelden,MOE Möhlin,6.44527,MOE Möhlin,6.44527,336,361,,0
91092,15418.03027,0.90936,3.27062,0.12565,0.14168,0.90298,0.00001,13.06683,2.44970,5.72920,0.09011,0.53945,7.06731,0.00281,0.07033,0.85030,0.23273,0.03919,0.52505,0.00000,1004,338,361,1,1,6.58800,0.83088,0,0.88777,0.49056,4.34030,-0.44032,-0.89098,5074,Eiken,MOE Möhlin,9.19899,MOE Möhlin,9.19899,338,361,,0
137429,12022.69336,0.93435,6.70584,0.10413,0.10331,0.75779,0.00603,12.25143,3.11688,7.27000,0.07045,0.37165,7.22414,0.10860,0.06806,1.37167,0.13479,0.04145,0.47779,0.00000,457,215,120,1,1,8.42800,0.87444,0,0.96549,0.44186,6.97698,-0.63146,-0.86854,4313,Möhlin,MOE Möhlin,2.26388,MOE Möhlin,2.26388,202,119,,0
147413,0.00000,0.00000,0.00000,0.00000,0.50000,0.33333,0.41667,12.00000,6.92820,0.00000,3.08410,3.06630,0.04839,0.07992,-0.01027,5.63214,0.73494,0.41760,4.88570,1.15085,396,154,120,1,0,0.00000,0.17904,0,0.00000,0.00000,0.00000,0.04456,-0.10576,5312,Döttingen,BEZ Beznau,1.91879,BEZ Beznau,1.91879,124,120,,7
160725,5771.69287,0.51415,328.25372,0.00000,0.00000,0.87338,0.00004,13.08287,2.60184,9.63120,0.15613,0.87461,7.82065,4.79678,0.00000,6.19565,0.01617,0.07874,0.69000,0.00000,212,92,59,1,1,9.78400,0.46400,0,0.97068,0.40535,8.09003,-0.27030,0.00000,4313,Möhlin,MOE Möhlin,2.26388,MOE Möhlin,2.26388,92,18,,2
60373,0.00000,0.00000,0.00000,0.00000,0.50000,0.33333,0.41667,12.00000,6.92820,0.00000,1.59452,2.40873,0.00054,0.09301,-0.01681,5.61378,0.74965,0.36403,1.96725,0.76811,1301,461,420,1,0,0.00000,0.14127,0,0.00000,0.00000,0.00000,0.09573,-0.16033,8962,Bergdietikon,UEB Uetliberg,9.28304,LAE Lägern,10.61436,458,416,,7
120790,10067.69824,0.65517,204.22710,0.02249,0.01790,0.95454,0.00002,13.09021,2.18257,8.49660,3.32812,0.45088,7.70116,4.56537,-0.01313,8.34530,0.00604,0.18365,14.38232,0.00000,638,215,240,1,1,9.30400,0.45165,0,0.93430,0.64570,5.17293,-0.44806,-0.49446,5235,Rüfenach AG,PSI Würenlingen / PSI,3.91803,PSI Würenlingen / PSI,3.91803,215,233,,0
147416,10751.87207,0.87626,3.99753,0.05289,0.07195,0.84156,0.00374,12.30962,2.72100,10.52680,0.04338,0.49323,7.39113,0.21175,0.06536,1.52520,0.17064,0.05285,0.26198,0.00000,396,154,120,1,1,11.64400,1.45863,0,0.94335,0.35214,8.43443,-0.31430,-0.35116,5312,Döttingen,BEZ Beznau,1.91879,BEZ Beznau,1.91879,124,120,,0
27352,0.00000,0.00000,0.00000,0.00000,0.50000,0.33333,0.41667,12.00000,6.92820,0.00000,0.98057,0.98472,0.00000,0.00000,0.00744,4.98849,1.37159,0.32623,1.25530,0.36784,1301,461,420,1,0,0.00000,0.75861,0,0.00000,0.00000,0.00000,0.03835,-0.08024,5625,Kallern,MOA Mosen,8.55704,MOA Mosen,8.55704,453,417,,7
147161,0.00000,0.00000,0.00000,0.00000,0.50000,0.33333,0.41667,12.00000,6.92820,0.00000,1.24988,1.13846,0.00000,0.00000,-0.01359,6.90345,0.92366,0.33000,1.74192,0.28092,396,154,120,1,0,0.00000,0.45902,0,0.00000,0.00000,0.00000,0.36056,-0.63872,4317,Wegenstetten,RUE Rünenberg,8.00254,RUE Rünenberg,8.00254,129,120,,7
147417,8022.68604,0.72980,1.45789,0.01334,0.03739,0.88014,0.00017,12.24809,2.44375,9.81600,0.05099,0.56782,6.33266,0.01093,0.07602,1.42709,0.23556,0.04800,0.27987,0.00000,396,154,120,1,1,10.97600,2.48919,0,0.92531,0.42280,6.68573,-0.53776,-0.32547,5312,Döttingen,BEZ Beznau,1.91879,BEZ Beznau,1.91879,124,120,,0
168410,3362.12988,0.92391,9.26763,0.00000,0.50000,0.83264,0.00119,12.33897,2.72607,7.28960,0.05416,1.00000,7.41765,0.34821,0.00000,0.97603,1.00000,0.03596,0.29826,0.00000,92,92,0,1,1,7.91200,0.17856,0,0.90769,0.30281,5.77274,-0.65819,0.00000,5070,Frick,MOE Möhlin,12.34444,MOE Möhlin,12.34444,84,0,,6
145883,0.00000,0.00000,0.00000,0.00000,0.50000,0.33333,0.41667,12.00000,6.92820,0.00000,1.23098,1.46342,0.00000,0.00000,-0.01943,5.22691,0.76342,0.34166,2.58120,0.31697,396,154,120,1,0,0.00000,0.37480,0,0.00000,0.00000,0.00000,0.03399,0.09892,4313,Möhlin,MOE Möhlin,2.26388,MOE Möhlin,2.26388,138,120,,7
131292,15781.96973,0.61507,117.70129,0.13746,0.03489,0.86953,0.00040,13.40401,2.57641,10.96080,0.10485,0.20786,7.21977,5.21197,0.02119,3.00148,0.03230,0.14647,0.57839,0.00000,730,277,240,1,1,12.22000,0.26605,0,0.93583,0.50899,8.34465,-0.60387,-0.49972,4313,Möhlin,MOE Möhlin,2.26388,MOE Möhlin,2.26388,215,120,,0
141280,7101.36182,0.73709,65.77271,0.12448,0.02331,0.83725,0.00014,12.56622,2.74852,5.97480,0.06341,0.35613,7.68129,2.90194,0.03099,0.90622,0.07929,0.06146,0.34432,0.00000,426,184,120,1,1,6.91600,0.08696,0,0.96115,0.46417,4.70922,-0.60696,-0.21003,5316,Leuggern,LEI Leibstadt,2.65713,LEI Leibstadt,2.65713,171,120,,0
166880,4877.70117,0.81148,8.93737,0.00000,0.50000,0.90921,0.00019,12.45274,2.37753,9.75880,0.12911,1.00000,7.24457,3.85606,0.00000,2.63858,1.00000,0.07981,0.68691,0.00000,122,92,0,1,1,10.19600,0.24683,0,0.90321,0.41864,7.08695,-0.39373,0.00000,4333,Münchwilen AG,MOE Möhlin,7.45753,MOE Möhlin,7.45753,92,0,,6
80353,0.00000,0.00000,0.00000,0.00000,0.50000,0.33333,0.41667,12.00000,6.92820,0.00000,0.99529,1.25339,0.00296,0.00065,0.01157,5.71411,0.44512,0.31638,1.84909,0.22404,1157,430,361,1,0,0.00000,1.22299,0,0.00000,0.00000,0.00000,-0.15368,-0.82128,5244,Birrhard,PSI Würenlingen / PSI,11.16903,PSI Würenlingen / PSI,11.16903,420,361,,7
96737,8773.92676,0.85746,2.65545,0.20272,0.10188,0.88759,0.00002,12.09939,2.37781,4.40800,0.43662,1.73120,5.96080,0.00605,0.08223,1.84852,0.67299,0.12511,1.81285,0.00000,912,338,300,1,1,4.96000,0.34936,0,0.84951,0.53610,2.70848,-0.22141,0.04712,4303,Kaiseraugst,STC St. Chrischona,5.73753,MOE Möhlin,10.99251,331,240,,0
104931,26038.38477,0.75095,32.66554,0.05233,0.06936,0.91849,0.00030,12.41412,2.27374,13.96400,0.07440,0.01587,7.65418,4.92466,-0.00734,3.85206,0.02149,0.04638,0.04195,0.00000,791,338,240,1,1,14.83600,1.23749,0,0.88934,0.53213,9.82555,-0.17109,-0.76138,5078,Effingen,PSI Würenlingen / PSI,9.81598,PSI Würenlingen / PSI,9.81598,287,240,,0
147428,4523.61719,0.39899,3.29094,0.00181,0.00512,0.90665,0.00028,13.23098,2.35919,9.55120,0.49059,0.91017,5.89224,1.95321,0.06678,3.05044,0.10692,0.11427,2.91237,0.00000,396,154,120,1,1,10.15600,1.48110,0,0.79183,0.76766,4.93892,-0.22615,-0.61295,5113,Holderbank AG,BUS Buchs / Aarau,8.72491,BUS Buchs / Aarau,8.72491,115,117,,0
157156,2917.04810,0.60440,45.93937,0.01443,0.01836,0.97423,0.00011,13.14430,1.86951,6.69880,0.24659,0.53162,6.82609,3.40977,0.01702,3.62035,0.01679,0.28019,0.85167,0.00000,273,92,120,1,1,7.83600,0.63426,0,0.90859,0.54167,3.33715,-0.40720,-0.64894,4316,Hellikon,MOE Möhlin,7.65666,MOE Möhlin,7.65666,92,113,,0
98532,11560.44043,0.67654,259.39658,0.12923,0.01399,0.92367,0.00014,12.91269,2.36609,5.84700,1.04641,0.61778,7.67086,6.40347,0.00268,12.01587,0.03512,0.23680,5.22433,0.00000,912,338,300,1,1,7.41200,0.04860,0,0.91543,0.51948,4.30555,-0.37575,-0.06374,4310,Rheinfelden,MOE Möhlin,6.44527,MOE Möhlin,6.44527,338,234,,0
131301,15502.67090,0.42632,49.87615,0.07944,0.01913,0.91611,0.00042,12.70612,2.37236,13.44600,0.06283,0.29775,7.50120,5.36409,0.03481,3.21858,0.08168,0.12908,0.23105,0.00000,760,307,240,1,1,15.14800,0.26941,0,0.93064,0.49518,9.69645,-0.41252,-0.49859,5107,Schinznach Dorf,BUS Buchs / Aarau,8.79924,BUS Buchs / Aarau,8.79924,206,120,,0
109030,21744.34180,0.59703,4.20149,0.03619,0.03319,0.93693,0.00005,13.44158,2.21503,12.00680,0.23048,0.36812,6.27586,0.23419,0.05368,1.22185,0.25088,0.08802,0.57891,0.00000,943,338,331,1,1,12.84000,1.27420,0,0.92098,0.57497,8.46997,-0.20489,-0.42667,5506,Mägenwil,BUS Buchs / Aarau,11.91100,BUS Buchs / Aarau,11.91100,290,240,,0
174310,0.00000,0.00000,0.00000,0.00000,0.50000,0.33333,0.41667,12.00000,6.92820,0.00000,2.72409,1.00000,0.00000,0.00000,0.00000,12.00000,1.00000,0.33333,3.08384,1.51435,31,31,0,1,0,0.00000,0.47788,0,0.00000,0.00000,0.00000,0.00000,0.00000,5070,Frick,MOE Möhlin,12.34444,MOE Möhlin,12.34444,2,0,,18
147431,6339.39893,0.71465,10.99584,0.01059,0.01764,0.94440,0.00049,12.57153,2.19213,9.36480,0.27457,0.25782,6.46121,2.28003,0.00461,4.08428,0.05366,0.14251,1.93241,0.00000,396,154,120,1,1,9.86000,0.96956,0,0.78704,0.59797,6.01565,-0.15620,-0.80696,4303,Kaiseraugst,STC St. Chrischona,5.73753,MOE Möhlin,10.99251,109,120,,0
66535,0.00000,0.00000,0.00000,0.00000,0.50000,0.33333,0.41667,12.00000,6.92820,0.00000,1.06439,1.03701,6.56783,7.09915,-0.00499,8.76586,1.87326,0.34501,4.01988,0.45681,1301,461,420,1,0,0.00000,0.02362,0,0.00000,0.00000,0.00000,-0.05723,0.10658,4310,Rheinfelden,MOE Möhlin,6.44527,MOE Möhlin,6.44527,457,410,,7
162281,6256.37402,0.75138,20.68567,0.00000,0.00000,0.83564,0.00005,12.74466,2.76432,9.79280,0.41374,1.00000,7.18207,5.54561,0.00000,4.56260,1.00000,0.11251,3.85007,0.00000,181,92,28,1,1,10.41600,0.27740,0,0.79978,0.49677,8.07391,-0.34186,0.00000,4312,Magden,MOE Möhlin,7.80199,MOE Möhlin,7.80199,92,0,,5
164073,0.00000,0.00000,0.00000,0.00000,0.50000,0.33333,0.41667,12.00000,6.92820,0.00000,1.17945,1.00000,0.00000,0.00000,0.00000,5.89152,1.00000,0.32730,1.68627,0.52300,153,92,0,1,0,0.00000,2.09082,0,0.00000,0.00000,0.00000,-0.40783,0.00000,4333,Münchwilen AG,MOE Möhlin,7.45753,MOE Möhlin,7.45753,92,0,,12
163819,5432.18994,0.86928,253.01056,0.00000,0.50000,0.87179,0.00004,13.20466,2.60905,8.43480,0.15950,1.00000,7.78261,6.69216,0.00000,3.58753,1.00000,0.11857,0.42499,0.00000,153,92,0,1,1,9.15200,0.07249,0,0.95030,0.39335,6.91282,-0.25929,0.00000,4312,Magden,MOE Möhlin,7.80199,MOE Möhlin,7.80199,92,0,,6
169451,3104.21606,0.79348,493.12408,0.00000,0.50000,0.90070,0.00000,12.98840,2.45833,7.84000,0.42532,1.00000,7.84932,7.85616,0.00000,2.80822,1.00000,0.19820,1.94351,0.00000,92,92,0,1,1,8.79200,0.00359,0,0.88590,0.26762,5.98431,-0.35179,0.00000,5070,Frick,MOE Möhlin,12.34444,MOE Möhlin,12.34444,72,0,,6
42987,15968.24316,0.75512,3.44726,0.02342,0.05242,0.92812,0.00056,13.50473,2.20716,7.13020,0.05860,0.51205,5.67065,0.10295,0.05901,1.22827,0.12283,0.07862,0.18209,0.00000,1270,461,420,1,1,8.18800,1.13162,0,0.84391,0.67120,3.95900,-0.39374,-0.48538,5313,Klingnau,BEZ Beznau,3.67126,BEZ Beznau,3.67126,460,419,,0
135917,10132.83984,0.92341,11.39607,0.13810,0.10975,0.77694,0.00383,12.65759,3.04695,7.77120,0.15398,0.46377,7.45510,2.20424,0.03015,2.37900,0.09830,0.11635,0.94107,0.00000,457,215,120,1,1,9.00800,0.51460,0,0.67017,0.36614,5.83698,-0.39789,-0.87180,5107,Schinznach Dorf,BUS Buchs / Aarau,8.79924,BUS Buchs / Aarau,8.79924,206,120,,0
146157,0.00000,0.00000,0.00000,0.00000,0.50000,0.33333,0.41667,12.00000,6.92820,0.00000,2.37041,12.23667,2.87611,4.06056,0.04559,4.85962,0.23168,0.38250,7.20990,0.16492,396,154,120,1,0,0.00000,0.14365,0,0.00000,0.00000,0.00000,-0.02139,-0.62711,4324,Obermumpf,MOE Möhlin,6.71235,MOE Möhlin,6.71235,113,119,,7
64237,18788.43555,0.70394,7.51290,0.00475,0.00844,0.93250,0.00019,13.23454,2.22355,8.30800,0.03993,0.49634,6.45207,0.66686,0.06693,1.22335,0.07429,0.04499,0.10835,0.00000,1270,461,420,1,1,10.04000,1.08141,0,0.96621,0.68268,5.31170,-0.46904,-0.83141,8962,Bergdietikon,UEB Uetliberg,9.28304,LAE Lägern,10.61436,457,417,,0
131311,13160.32715,0.60801,2.24430,0.01971,0.01485,0.93182,0.00325,13.62381,2.10916,13.48040,0.07619,0.33588,4.97674,0.85909,0.03179,1.93586,0.58245,0.07213,0.57744,0.00000,699,246,240,1,1,15.47600,1.37755,0,0.92106,0.68752,7.43900,-0.12457,-0.18420,5707,Seengen,MOA Mosen,9.41162,MOA Mosen,9.41162,211,120,,0
102128,0.00000,0.00000,0.00000,0.00000,0.50000,0.33333,0.41667,12.00000,6.92820,0.00000,2.52374,1.08375,0.00000,0.00030,-0.08523,5.52597,0.34780,0.42047,8.70934,0.52247,852,338,240,1,0,0.00000,0.48450,0,0.00000,0.00000,0.00000,0.04142,-0.78423,5622,Waltenschwil,MOA Mosen,11.13299,MOA Mosen,11.13299,328,234,,7
164080,6969.06592,0.84314,1228.02698,0.00000,0.50000,0.82573,0.00005,12.92275,2.79322,10.30600,0.48107,1.00000,7.92120,7.57308,0.00000,11.76917,1.00000,0.13438,1.43430,0.00000,153,92,0,1,1,10.51600,0.01871,0,0.98024,0.40689,9.08266,-0.44446,0.00000,5235,Rüfenach AG,PSI Würenlingen / PSI,3.91803,PSI Würenlingen / PSI,3.91803,92,0,,6
166128,3202.22388,0.88525,14.75807,0.00000,0.50000,0.75382,0.00452,12.52680,3.16505,5.40520,0.35042,1.00000,6.86685,0.61792,0.00000,1.14634,1.00000,0.11677,2.17702,0.00000,122,92,0,1,1,5.61200,0.09708,0,0.72836,0.38525,4.57312,-0.27362,0.00000,4313,Möhlin,MOE Möhlin,2.26388,MOE Möhlin,2.26388,92,0,,6
142065,0.00000,0.00000,0.00000,0.00000,0.50000,0.33333,0.41667,12.00000,6.92820,0.00000,0.80714,1.06775,7.99706,7.99757,0.04340,12.65882,0.93709,0.36646,0.91071,0.15179,426,184,120,1,0,0.00000,0.00153,0,0.00000,0.00000,0.00000,0.12645,-0.00230,5607,Hägglingen,BUS Buchs / Aarau,13.26309,BUS Buchs / Aarau,13.26309,170,120,,7
146161,0.00000,0.00000,0.00000,0.00000,0.50000,0.33333,0.41667,12.00000,6.92820,0.00000,1.80884,0.99844,0.00000,0.00000,-0.00465,7.20569,0.12141,0.40087,4.31676,0.25354,396,154,120,1,0,0.00000,2.69587,0,0.00000,0.00000,0.00000,-0.34665,-0.86311,4324,Obermumpf,MOE Möhlin,6.71235,MOE Möhlin,6.71235,113,119,,7
101874,26713.99805,0.70767,3.20804,0.01661,0.01958,0.93564,0.00000,13.20357,2.26528,16.19680,0.31909,0.26255,6.10769,0.00225,0.01550,1.55515,0.25932,0.07275,2.09634,0.00000,821,338,240,1,1,17.43200,1.50636,0,0.73458,0.64778,10.06980,-0.20017,-0.37511,5426,Lengnau AG,LAE Lägern,7.25748,LAE Lägern,7.25748,324,238,,0
142066,0.00000,0.00000,0.00000,0.00000,0.50000,0.33333,0.41667,12.00000,6.92820,0.00000,1.23864,1.12527,7.98676,7.83616,-0.01350,12.37059,0.35430,0.31744,0.42929,0.85859,426,184,120,1,0,0.00000,0.00241,0,0.00000,0.00000,0.00000,0.00726,0.11488,5607,Hägglingen,BUS Buchs / Aarau,13.26309,BUS Buchs / Aarau,13.26309,170,120,,7
61683,11725.01367,0.96925,201157.81250,33330.57031,0.16170,0.84260,0.00141,12.28191,2.65735,2.85200,0.00000,1.00000,7.99837,8.00000,0.03125,12.90022,0.85900,0.00000,0.00000,0.00000,1301,461,420,1,1,3.28800,0.00000,0,0.95502,0.38631,2.46600,0.00000,-0.13661,8962,Bergdietikon,UEB Uetliberg,9.28304,LAE Lägern,10.61436,454,414,,2
66803,9968.97461,0.64094,20.38800,0.00290,0.00518,0.86156,0.00006,14.60892,1.97518,4.90440,0.17602,0.92376,6.91830,0.06043,0.09310,0.81585,0.02735,0.10160,0.69894,0.00000,1270,461,420,1,1,5.69600,0.52279,0,0.84863,0.51670,2.96385,-0.39383,-0.75060,8962,Bergdietikon,UEB Uetliberg,9.28304,LAE Lägern,10.61436,454,416,,0
72179,20183.67578,0.78773,1.38860,0.03792,0.07978,0.89989,0.00015,13.03389,2.46070,8.59960,0.41992,1.66854,5.21150,0.01325,0.06986,2.03332,0.31498,0.12455,1.56577,0.00000,1239,461,389,1,1,9.48400,1.67957,0,0.46350,0.43558,4.89315,-0.12578,-0.42426,5113,Holderbank AG,BUS Buchs / Aarau,8.72491,BUS Buchs / Aarau,8.72491,455,379,,0
164084,5357.46094,0.56132,238.74937,0.00000,0.00000,0.87943,0.00000,13.07510,2.55992,8.95000,0.02241,1.00000,7.85598,7.24612,0.00000,8.09783,1.00000,0.06409,0.13989,0.00000,212,92,59,1,1,9.23600,0.10581,0,0.95663,0.38805,7.03062,-0.66852,0.00000,5107,Schinznach Dorf,BUS Buchs / Aarau,8.79924,BUS Buchs / Aarau,8.79924,92,0,,5
66549,0.00000,0.00000,0.00000,0.00000,0.50000,0.33333,0.41667,12.00000,6.92820,0.00000,3.55463,4.94850,0.07430,0.30687,0.02483,7.53330,0.87576,0.36263,8.74744,0.67087,1270,461,420,1,0,0.00000,0.35712,0,0.00000,0.00000,0.00000,-0.02930,-0.04935,8962,Bergdietikon,UEB Uetliberg,9.28304,LAE Lägern,10.61436,458,417,,7
169974,1707.28296,0.98361,2.97614,0.00000,0.50000,0.80696,0.00044,12.50863,2.84541,6.64880,0.29918,1.00000,5.22500,0.11864,0.00000,1.48701,1.00000,0.10499,1.82496,0.00000,61,61,0,1,1,7.08400,0.40081,0,0.44044,0.13981,4.09555,-0.21818,0.00000,4315,Zuzgen,MOE Möhlin,5.77083,MOE Möhlin,5.77083,59,0,,6
62454,0.00000,0.00000,0.00000,0.00000,0.50000,0.33333,0.41667,12.00000,6.92820,0.00000,1.83475,2.36105,0.02169,0.00827,0.02170,7.34037,0.89061,0.38177,4.61454,0.56505,1270,461,420,1,0,0.00000,0.19151,0,0.00000,0.00000,0.00000,-0.21258,0.16593,4310,Rheinfelden,MOE Möhlin,6.44527,MOE Möhlin,6.44527,458,419,,7
84982,0.00000,0.00000,0.00000,0.00000,0.50000,0.33333,0.41667,12.00000,6.92820,0.00000,1.52656,0.72890,0.00072,0.01002,-0.03426,4.50131,0.54293,0.30676,3.92947,0.39786,1096,369,361,1,0,0.00000,0.53561,0,0.00000,0.00000,0.00000,-0.15703,-0.22493,4468,Kienberg,RUE Rünenberg,6.53448,RUE Rünenberg,6.53448,343,332,,7
131063,8623.19824,0.66602,5.85742,0.00318,0.00557,0.93934,0.00002,13.07856,2.20856,8.35160,0.63115,1.06039,7.20349,3.66449,0.04082,4.29413,0.09704,0.19691,2.95703,0.00000,518,215,120,1,1,9.36800,0.92633,0,0.84658,0.62983,4.92253,-0.31489,-0.48445,5707,Seengen,MOA Mosen,9.41162,MOA Mosen,9.41162,211,119,,0
173816,0.00000,0.00000,0.00000,0.00000,0.50000,0.33333,0.41667,12.00000,6.92820,0.00000,1.05532,1.00000,0.00000,0.00000,0.00000,12.00000,1.00000,0.33333,1.31242,0.63706,31,31,0,1,0,0.00000,2.04923,0,0.00000,0.00000,0.00000,0.00000,0.00000,5236,Remigen,PSI Würenlingen / PSI,4.17446,PSI Würenlingen / PSI,4.17446,16,0,,18
131321,29091.93359,0.76803,9.12742,0.30921,0.06237,0.82631,0.00087,12.49065,2.78038,16.02920,0.03679,0.44836,7.53023,0.11083,0.07010,0.65139,0.50926,0.01911,0.24738,0.00000,638,215,240,1,1,17.78000,0.82278,0,0.96921,0.40850,14.84823,-0.62580,-0.76550,5707,Seengen,MOA Mosen,9.41162,MOA Mosen,9.41162,211,120,,0
109050,16681.53711,0.67310,22.42768,0.00895,0.00879,0.92879,0.00030,13.34468,2.27360,9.73360,0.06934,0.66044,6.81293,3.33412,0.02627,2.89005,0.04504,0.13927,0.27140,0.00000,881,338,269,1,1,10.68000,0.74320,0,0.94660,0.59212,7.14292,-0.44879,-0.72892,4322,Mumpf,MOE Möhlin,4.27396,MOE Möhlin,4.27396,290,240,,0
131834,10542.57617,0.78185,17.96526,0.00737,0.01040,0.92231,0.00064,12.98339,2.34645,10.46760,0.34460,0.42259,5.82791,0.14476,-0.01809,1.14085,0.03901,0.19727,1.56348,0.00000,518,215,120,1,1,11.10400,0.79595,0,0.74073,0.52795,6.30901,-0.24185,-0.73304,5027,Herznach,BUS Buchs / Aarau,9.99514,BUS Buchs / Aarau,9.99514,215,119,,0
61179,0.00000,0.00000,0.00000,0.00000,0.50000,0.33333,0.41667,12.00000,6.92820,0.00000,4.65297,3.46313,0.00435,0.31580,-0.02654,6.94867,1.04215,0.48356,8.78098,0.77584,1270,461,420,1,0,0.00000,0.22020,0,0.00000,0.00000,0.00000,-0.17999,-0.01618,4310,Rheinfelden,MOE Möhlin,6.44527,MOE Möhlin,6.44527,457,419,,7
170236,1857.16504,0.35246,35.36784,0.00000,0.50000,0.81659,0.00064,13.31469,2.82103,6.86500,2.83294,1.00000,6.11364,6.26364,0.00000,5.99586,1.00000,0.15889,13.93311,0.00000,122,92,0,1,1,7.56000,0.03927,0,0.42441,0.25339,4.82298,-0.18036,0.00000,4324,Obermumpf,MOE Möhlin,6.71235,MOE Möhlin,6.71235,54,0,,6
146173,7813.92822,0.70455,10.04130,0.00415,0.01396,0.91603,0.00025,12.88967,2.37257,11.63960,0.05107,0.76693,6.15487,0.10915,0.08742,0.94680,0.02916,0.12235,0.26696,0.00000,396,154,120,1,1,12.66800,2.40274,0,0.93328,0.55572,7.73693,-0.60898,-0.86219,4324,Obermumpf,MOE Möhlin,6.71235,MOE Möhlin,6.71235,113,119,,0
89341,0.00000,0.00000,0.00000,0.00000,0.50000,0.33333,0.41667,12.00000,6.92820,0.00000,1.31973,1.56303,0.00074,0.00000,-0.03096,5.77982,0.29138,0.38378,2.17894,0.47534,1035,338,361,1,0,0.00000,0.74651,0,0.00000,0.00000,0.00000,-0.31153,-0.88673,5074,Eiken,MOE Möhlin,9.19899,MOE Möhlin,9.19899,335,361,,7
168959,2678.02393,0.79348,15.11027,0.00000,0.50000,0.83154,0.00064,12.43125,2.76681,6.27120,0.08325,1.00000,7.62153,0.19444,0.00000,0.70004,1.00000,0.03480,0.46437,0.00000,92,92,0,1,1,6.49200,0.10176,0,0.84320,0.21504,5.17067,-0.32990,0.00000,5070,Frick,MOE Möhlin,12.34444,MOE Möhlin,12.34444,72,0,,6
